order_id,order_date,customer_id
1001,01/11/2020,67
1002,11/22/2019,201
1003,09/17/2019,45
1004,12/09/2019,106
1005,06/08/2019,357
1006,02/18/2020,351
1007,10/25/2019,233
1008,11/10/2019,121
1009,09/27/2019,232
1010,09/02/2019,113
1011,09/08/2019,273
1012,12/01/2019,382
1013,05/19/2019,83
1014,07/05/2019,383
1015,10/27/2019,284
1016,08/30/2019,161
1017,11/24/2019,15
1018,05/26/2019,385
1019,09/26/2019,215
1020,02/16/2020,50
1021,04/24/2019,178
1022,06/13/2019,7
1023,07/19/2019,279
1024,11/13/2019,65
1025,08/11/2019,122
1026,10/11/2019,250
1027,05/11/2019,396
1028,05/05/2019,122
1029,08/14/2019,268
1030,04/17/2019,120
1031,07/16/2019,148
1032,10/20/2019,289
1033,11/25/2019,326
1034,10/11/2019,365
1035,03/10/2019,393
1036,05/18/2019,68
1037,10/22/2019,136
1038,01/16/2020,255
1039,02/04/2020,93
1040,05/04/2019,167
1041,08/12/2019,11
1042,12/23/2019,111
1043,04/03/2019,259
1044,03/08/2019,207
1045,11/18/2019,351
1046,08/17/2019,318
1047,04/27/2019,153
1048,10/27/2019,52
1049,01/11/2020,213
1050,03/10/2019,176
1051,04/07/2019,172
1052,06/30/2019,126
1053,06/05/2019,242
1054,08/13/2019,390
1055,10/02/2019,76
1056,08/24/2019,95
1057,07/11/2019,292
1058,02/17/2020,40
1059,04/29/2019,23
1060,01/05/2020,361
1061,08/15/2019,128
1062,01/30/2020,123
1063,06/08/2019,365
1064,01/07/2020,317
1065,07/06/2019,323
1066,05/17/2019,219
1067,02/02/2020,116
1068,05/27/2019,370
1069,07/10/2019,329
1070,06/15/2019,55
1071,12/20/2019,379
1072,07/28/2019,274
1073,04/07/2019,337
1074,06/24/2019,129
1075,11/05/2019,205
1076,06/28/2019,17
1077,08/28/2019,206
1078,07/06/2019,236
1079,02/22/2019,140
1080,01/05/2020,94
1081,03/17/2019,274
1082,10/18/2019,280
1083,02/18/2020,256
1084,12/06/2019,86
1085,03/06/2019,21
1086,07/30/2019,38
1087,02/12/2020,142
1088,07/05/2019,377
1089,11/24/2019,40
1090,10/06/2019,214
1091,04/16/2019,140
1092,11/04/2019,53
1093,07/29/2019,264
1094,06/04/2019,390
1095,08/16/2019,296
1096,10/28/2019,271
1097,04/19/2019,59
1098,06/14/2019,293
1099,07/01/2019,381
1100,01/08/2020,363
1101,12/05/2019,164
1102,12/10/2019,26
1103,12/23/2019,84
1104,04/10/2019,74
1105,06/22/2019,168
1106,08/07/2019,267
1107,03/17/2019,338
1108,04/05/2019,106
1109,12/23/2019,364
1110,08/01/2019,308
1111,04/01/2019,313
1112,10/30/2019,364
1113,09/22/2019,335
1114,02/17/2020,90
1115,05/17/2019,211
1116,06/18/2019,14
1117,10/08/2019,74
1118,08/22/2019,305
1119,05/26/2019,294
1120,09/07/2019,139
1121,12/11/2019,110
1122,09/04/2019,183
1123,08/29/2019,281
1124,04/18/2019,290
1125,05/13/2019,111
1126,04/03/2019,115
1127,02/05/2020,379
1128,11/19/2019,70
1129,08/01/2019,140
1130,03/08/2019,50
1131,06/16/2019,263
1132,06/20/2019,107
1133,12/21/2019,205
1134,09/21/2019,59
1135,08/06/2019,283
1136,07/18/2019,291
1137,05/14/2019,55
1138,11/04/2019,166
1139,03/22/2019,105
1140,06/23/2019,393
1141,06/18/2019,340
1142,10/31/2019,240
1143,04/23/2019,55
1144,07/14/2019,131
1145,01/06/2020,258
1146,12/27/2019,180
1147,05/15/2019,226
1148,07/13/2019,19
1149,05/15/2019,390
1150,10/07/2019,373
1151,11/23/2019,192
1152,10/16/2019,19
1153,09/20/2019,294
1154,03/21/2019,356
1155,07/15/2019,60
1156,12/15/2019,302
1157,10/06/2019,367
1158,01/18/2020,70
1159,11/12/2019,113
1160,01/15/2020,246
1161,05/14/2019,116
1162,05/04/2019,387
1163,10/27/2019,319
1164,05/13/2019,69
1165,07/02/2019,258
1166,05/03/2019,108
1167,06/23/2019,400
1168,02/21/2019,128
1169,10/27/2019,175
1170,08/30/2019,389
1171,12/01/2019,122
1172,12/24/2019,242
1173,07/10/2019,48
1174,04/06/2019,120
1175,07/25/2019,294
1176,01/14/2020,203
1177,10/07/2019,93
1178,08/09/2019,271
1179,05/28/2019,336
1180,05/18/2019,351
1181,01/15/2020,371
1182,06/15/2019,73
1183,08/19/2019,107
1184,12/24/2019,287
1185,08/10/2019,190
1186,07/21/2019,83
1187,02/14/2020,292
1188,04/18/2019,189
1189,05/16/2019,110
1190,07/06/2019,18
1191,06/15/2019,218
1192,04/11/2019,67
1193,06/02/2019,366
1194,07/12/2019,270
1195,05/08/2019,244
1196,01/01/2020,237
1197,10/21/2019,79
1198,10/14/2019,205
1199,05/03/2019,314
1200,05/29/2019,189
1201,05/03/2019,5
1202,06/05/2019,268
1203,04/16/2019,72
1204,01/04/2020,316
1205,10/28/2019,217
1206,02/20/2019,310
1207,03/20/2019,42
1208,12/02/2019,81
1209,01/26/2020,97
1210,04/14/2019,312
1211,12/07/2019,217
1212,11/24/2019,344
1213,11/24/2019,5
1214,09/30/2019,93
1215,07/31/2019,256
1216,03/05/2019,50
1217,06/10/2019,210
1218,04/08/2019,150
1219,04/05/2019,33
1220,01/03/2020,383
1221,03/27/2019,115
1222,02/10/2020,56
1223,12/18/2019,349
1224,10/27/2019,189
1225,10/25/2019,57
1226,07/19/2019,332
1227,02/10/2020,222
1228,02/07/2020,158
1229,12/04/2019,387
1230,04/08/2019,359
1231,12/09/2019,390
1232,04/10/2019,159
1233,02/04/2020,38
1234,12/04/2019,178
1235,07/15/2019,132
1236,06/05/2019,314
1237,09/26/2019,392
1238,10/09/2019,10
1239,12/21/2019,48
1240,01/16/2020,131
1241,05/14/2019,30
1242,06/26/2019,247
1243,08/12/2019,330
1244,06/02/2019,139
1245,02/14/2020,58
1246,03/27/2019,84
1247,04/22/2019,70
1248,01/12/2020,275
1249,10/28/2019,83
1250,07/24/2019,7
1251,10/05/2019,258
1252,10/20/2019,312
1253,09/22/2019,14
1254,06/22/2019,95
1255,07/04/2019,259
1256,07/19/2019,297
1257,02/12/2020,51
1258,04/21/2019,93
1259,12/14/2019,35
1260,09/10/2019,108
1261,05/01/2019,365
1262,05/02/2019,95
1263,05/23/2019,219
1264,08/17/2019,244
1265,03/09/2019,2
1266,11/15/2019,92
1267,06/17/2019,161
1268,04/23/2019,61
1269,11/20/2019,197
1270,10/11/2019,242
1271,03/17/2019,74
1272,08/10/2019,111
1273,02/11/2020,110
1274,05/18/2019,279
1275,02/25/2019,278
1276,08/15/2019,127
1277,09/12/2019,146
1278,07/18/2019,58
1279,07/10/2019,291
1280,01/31/2020,64
1281,09/07/2019,292
1282,10/17/2019,28
1283,06/29/2019,144
1284,04/27/2019,27
1285,09/08/2019,236
1286,05/21/2019,47
1287,02/15/2020,316
1288,02/20/2019,176
1289,06/04/2019,86
1290,06/16/2019,214
1291,07/08/2019,68
1292,10/29/2019,342
1293,11/14/2019,45
1294,05/15/2019,38
1295,01/18/2020,66
1296,09/05/2019,84
1297,05/14/2019,240
1298,02/10/2020,314
1299,08/25/2019,251
1300,12/21/2019,277
1301,11/04/2019,302
1302,04/02/2019,338
1303,02/25/2019,122
1304,04/23/2019,39
1305,08/22/2019,63
1306,07/31/2019,348
1307,06/19/2019,380
1308,09/16/2019,228
1309,11/07/2019,225
1310,07/19/2019,232
1311,11/13/2019,37
1312,07/20/2019,345
1313,12/09/2019,123
1314,08/01/2019,68
1315,11/20/2019,371
1316,01/03/2020,77
1317,05/10/2019,172
1318,09/06/2019,348
1319,12/15/2019,141
1320,09/06/2019,55
1321,07/24/2019,372
1322,02/27/2019,302
1323,05/17/2019,111
1324,03/17/2019,8
1325,05/10/2019,28
1326,05/31/2019,352
1327,07/06/2019,91
1328,12/14/2019,126
1329,09/28/2019,195
1330,03/23/2019,119
1331,05/09/2019,333
1332,12/22/2019,300
1333,04/11/2019,212
1334,12/07/2019,10
1335,03/28/2019,13
1336,03/02/2019,177
1337,06/30/2019,374
1338,07/10/2019,315
1339,08/02/2019,26
1340,06/24/2019,115
1341,02/13/2020,212
1342,07/23/2019,365
1343,04/10/2019,270
1344,03/06/2019,365
1345,11/21/2019,344
1346,11/23/2019,255
1347,08/05/2019,256
1348,11/24/2019,265
1349,03/09/2019,128
1350,06/18/2019,14
1351,07/14/2019,10
1352,05/13/2019,289
1353,03/26/2019,366
1354,01/14/2020,162
1355,08/31/2019,315
1356,01/13/2020,149
1357,05/20/2019,302
1358,01/27/2020,277
1359,10/23/2019,132
1360,01/06/2020,167
1361,12/23/2019,267
1362,09/16/2019,105
1363,03/27/2019,228
1364,02/03/2020,43
1365,06/27/2019,320
1366,06/18/2019,161
1367,10/23/2019,377
1368,02/19/2020,118
1369,04/30/2019,86
1370,10/10/2019,178
1371,05/17/2019,244
1372,12/13/2019,43
1373,05/31/2019,277
1374,06/13/2019,18
1375,11/01/2019,278
1376,12/31/2019,30
1377,08/10/2019,224
1378,11/04/2019,45
1379,06/12/2019,101
1380,05/24/2019,142
1381,01/12/2020,118
1382,11/19/2019,292
1383,07/07/2019,28
1384,01/18/2020,109
1385,08/04/2019,74
1386,12/24/2019,303
1387,01/18/2020,305
1388,02/16/2020,117
1389,09/09/2019,140
1390,12/31/2019,233
1391,10/31/2019,367
1392,01/31/2020,14
1393,03/04/2019,4
1394,11/02/2019,142
1395,06/30/2019,233
1396,04/06/2019,222
1397,02/03/2020,67
1398,07/29/2019,33
1399,08/13/2019,361
1400,03/09/2019,355
1401,07/25/2019,123
1402,02/24/2019,143
1403,04/16/2019,288
1404,10/20/2019,93
1405,02/05/2020,47
1406,01/22/2020,359
1407,09/11/2019,208
1408,04/03/2019,63
1409,05/17/2019,97
1410,06/15/2019,195
1411,12/05/2019,186
1412,10/31/2019,238
1413,06/25/2019,248
1414,08/24/2019,296
1415,07/30/2019,72
1416,09/23/2019,222
1417,08/24/2019,153
1418,07/13/2019,250
1419,06/04/2019,205
1420,03/12/2019,342
1421,07/02/2019,124
1422,10/30/2019,12
1423,02/16/2020,267
1424,08/28/2019,398
1425,05/26/2019,377
1426,11/18/2019,144
1427,06/06/2019,84
1428,06/20/2019,172
1429,10/26/2019,344
1430,08/18/2019,379
1431,03/25/2019,313
1432,08/06/2019,18
1433,02/25/2019,396
1434,08/21/2019,315
1435,10/16/2019,380
1436,07/06/2019,317
1437,11/17/2019,178
1438,07/02/2019,92
1439,03/21/2019,283
1440,08/31/2019,385
1441,03/02/2019,94
1442,11/25/2019,251
1443,09/22/2019,112
1444,07/09/2019,121
1445,06/08/2019,198
1446,06/16/2019,19
1447,07/23/2019,260
1448,04/18/2019,289
1449,03/29/2019,24
1450,01/05/2020,124
1451,05/11/2019,209
1452,07/31/2019,282
1453,07/06/2019,281
1454,07/05/2019,229
1455,05/19/2019,276
1456,08/13/2019,393
1457,05/15/2019,284
1458,04/02/2019,201
1459,01/30/2020,400
1460,10/27/2019,372
1461,09/05/2019,117
1462,10/29/2019,49
1463,09/13/2019,100
1464,01/12/2020,387
1465,03/12/2019,166
1466,09/20/2019,216
1467,08/09/2019,295
1468,05/27/2019,263
1469,01/29/2020,384
1470,02/10/2020,108
1471,03/22/2019,338
1472,05/01/2019,361
1473,11/22/2019,381
1474,01/10/2020,163
1475,08/16/2019,359
1476,05/04/2019,322
1477,09/12/2019,399
1478,06/10/2019,204
1479,06/26/2019,244
1480,06/01/2019,393
1481,04/11/2019,87
1482,08/20/2019,290
1483,07/04/2019,109
1484,11/16/2019,26
1485,05/12/2019,166
1486,04/11/2019,320
1487,09/09/2019,275
1488,01/03/2020,312
1489,02/03/2020,138
1490,09/05/2019,333
1491,08/13/2019,68
1492,06/27/2019,71
1493,04/05/2019,51
1494,04/29/2019,235
1495,08/10/2019,171
1496,12/30/2019,254
1497,08/17/2019,114
1498,04/18/2019,339
1499,03/05/2019,308
1500,11/25/2019,392
1501,07/03/2019,110
1502,02/16/2020,152
1503,01/11/2020,221
1504,09/23/2019,378
1505,04/19/2019,227
1506,11/28/2019,30
1507,05/06/2019,332
1508,07/18/2019,315
1509,12/10/2019,297
1510,06/04/2019,309
1511,12/01/2019,317
1512,01/23/2020,178
1513,05/05/2019,271
1514,07/17/2019,214
1515,10/21/2019,311
1516,04/25/2019,282
1517,08/16/2019,48
1518,07/08/2019,394
1519,04/07/2019,31
1520,04/07/2019,45
1521,10/18/2019,197
1522,07/20/2019,391
1523,04/05/2019,93
1524,05/11/2019,193
1525,08/13/2019,131
1526,10/05/2019,257
1527,07/07/2019,384
1528,03/19/2019,32
1529,06/07/2019,150
1530,04/26/2019,125
1531,09/16/2019,16
1532,07/10/2019,175
1533,04/13/2019,135
1534,02/02/2020,210
1535,11/29/2019,306
1536,01/22/2020,326
1537,10/08/2019,134
1538,11/09/2019,352
1539,02/25/2019,296
1540,02/16/2020,337
1541,12/24/2019,10
1542,09/03/2019,172
1543,09/05/2019,26
1544,08/19/2019,352
1545,07/14/2019,13
1546,10/17/2019,96
1547,02/23/2019,116
1548,08/17/2019,366
1549,09/19/2019,309
1550,02/21/2019,300
1551,01/26/2020,327
1552,01/12/2020,368
1553,08/06/2019,14
1554,01/08/2020,29
1555,01/17/2020,349
1556,07/19/2019,40
1557,03/15/2019,212
1558,08/04/2019,358
1559,12/04/2019,297
1560,01/14/2020,9
1561,12/14/2019,233
1562,03/20/2019,278
1563,12/20/2019,284
1564,07/13/2019,173
1565,08/09/2019,294
1566,11/08/2019,333
1567,02/19/2020,70
1568,11/10/2019,315
1569,12/28/2019,113
1570,10/26/2019,347
1571,04/10/2019,25
1572,12/23/2019,15
1573,03/20/2019,314
1574,09/23/2019,54
1575,02/07/2020,357
1576,08/09/2019,308
1577,01/15/2020,49
1578,04/15/2019,307
1579,03/31/2019,27
1580,10/26/2019,50
1581,12/11/2019,75
1582,04/27/2019,102
1583,07/12/2019,7
1584,05/21/2019,139
1585,09/05/2019,82
1586,01/29/2020,239
1587,04/26/2019,340
1588,12/11/2019,396
1589,09/27/2019,324
1590,10/16/2019,345
1591,03/02/2019,236
1592,10/15/2019,361
1593,04/20/2019,388
1594,06/13/2019,130
1595,03/17/2019,52
1596,09/10/2019,378
1597,02/18/2020,353
1598,11/26/2019,65
1599,04/04/2019,333
1600,11/08/2019,237
1601,05/31/2019,9
1602,03/05/2019,174
1603,01/04/2020,396
1604,03/02/2019,321
1605,07/27/2019,210
1606,08/07/2019,56
1607,05/03/2019,38
1608,11/13/2019,249
1609,09/27/2019,111
1610,02/02/2020,339
1611,11/07/2019,49
1612,04/03/2019,163
1613,06/23/2019,382
1614,11/03/2019,385
1615,12/25/2019,365
1616,08/11/2019,112
1617,08/28/2019,201
1618,02/27/2019,365
1619,09/06/2019,336
1620,12/31/2019,163
1621,07/08/2019,304
1622,09/08/2019,361
1623,07/29/2019,121
1624,06/26/2019,308
1625,04/24/2019,135
1626,06/08/2019,175
1627,12/06/2019,125
1628,10/17/2019,239
1629,07/16/2019,361
1630,05/10/2019,108
1631,02/17/2020,397
1632,03/29/2019,313
1633,11/25/2019,33
1634,09/10/2019,201
1635,03/21/2019,246
1636,09/22/2019,284
1637,07/11/2019,125
1638,07/28/2019,22
1639,09/28/2019,132
1640,02/28/2019,48
1641,11/18/2019,305
1642,06/16/2019,146
1643,09/28/2019,118
1644,08/25/2019,183
1645,11/07/2019,283
1646,09/20/2019,76
1647,09/14/2019,85
1648,08/03/2019,176
1649,08/17/2019,63
1650,11/16/2019,65
1651,04/20/2019,74
1652,05/03/2019,331
1653,08/18/2019,270
1654,02/18/2020,151
1655,05/25/2019,146
1656,12/12/2019,351
1657,03/25/2019,15
1658,11/17/2019,298
1659,12/18/2019,289
1660,01/04/2020,237
1661,05/24/2019,383
1662,01/09/2020,188
1663,11/09/2019,207
1664,12/19/2019,100
1665,10/19/2019,142
1666,11/28/2019,74
1667,02/25/2019,316
1668,06/28/2019,279
1669,05/22/2019,240
1670,05/30/2019,188
1671,12/15/2019,374
1672,04/18/2019,371
1673,02/11/2020,40
1674,10/01/2019,151
1675,09/19/2019,126
1676,11/14/2019,368
1677,11/13/2019,129
1678,01/30/2020,330
1679,11/19/2019,338
1680,03/26/2019,179
1681,11/06/2019,59
1682,08/12/2019,72
1683,10/05/2019,126
1684,10/27/2019,264
1685,09/01/2019,290
1686,03/20/2019,173
1687,11/05/2019,270
1688,01/04/2020,134
1689,01/07/2020,352
1690,01/23/2020,275
1691,09/24/2019,166
1692,03/13/2019,54
1693,05/12/2019,389
1694,11/25/2019,195
1695,04/11/2019,91
1696,06/07/2019,376
1697,08/10/2019,239
1698,12/11/2019,254
1699,01/01/2020,226
1700,05/20/2019,51
1701,05/28/2019,364
1702,09/20/2019,9
1703,07/13/2019,339
1704,07/08/2019,129
1705,08/22/2019,247
1706,05/11/2019,148
1707,08/25/2019,52
1708,11/04/2019,386
1709,07/06/2019,55
1710,02/11/2020,166
1711,05/15/2019,247
1712,09/20/2019,5
1713,04/17/2019,240
1714,12/18/2019,316
1715,10/16/2019,320
1716,04/24/2019,29
1717,12/21/2019,274
1718,03/19/2019,242
1719,12/21/2019,373
1720,11/25/2019,398
1721,02/08/2020,389
1722,04/24/2019,321
1723,01/25/2020,262
1724,11/05/2019,379
1725,11/12/2019,93
1726,02/03/2020,267
1727,10/10/2019,348
1728,12/28/2019,282
1729,09/02/2019,38
1730,03/17/2019,364
1731,01/18/2020,180
1732,10/21/2019,126
1733,12/05/2019,256
1734,11/25/2019,121
1735,06/21/2019,234
1736,03/19/2019,60
1737,01/30/2020,193
1738,05/19/2019,298
1739,10/26/2019,157
1740,10/04/2019,165
1741,02/06/2020,164
1742,12/12/2019,66
1743,05/31/2019,221
1744,03/13/2019,190
1745,07/26/2019,370
1746,01/14/2020,292
1747,12/16/2019,177
1748,03/27/2019,245
1749,07/04/2019,267
1750,06/08/2019,349
1751,12/15/2019,275
1752,04/02/2019,79
1753,06/12/2019,172
1754,11/06/2019,243
1755,06/11/2019,134
1756,04/02/2019,96
1757,10/22/2019,31
1758,04/20/2019,96
1759,11/12/2019,325
1760,05/24/2019,32
1761,12/22/2019,363
1762,11/13/2019,172
1763,03/05/2019,374
1764,06/14/2019,360
1765,11/22/2019,374
1766,12/24/2019,243
1767,08/28/2019,349
1768,11/25/2019,333
1769,12/21/2019,269
1770,08/24/2019,329
1771,06/26/2019,264
1772,01/16/2020,210
1773,08/04/2019,284
1774,06/23/2019,337
1775,10/02/2019,219
1776,01/24/2020,274
1777,06/01/2019,184
1778,08/31/2019,266
1779,04/01/2019,225
1780,10/27/2019,394
1781,12/17/2019,369
1782,01/30/2020,287
1783,12/08/2019,133
1784,04/27/2019,353
1785,06/01/2019,143
1786,07/22/2019,160
1787,05/18/2019,396
1788,04/03/2019,355
1789,03/28/2019,187
1790,07/09/2019,226
1791,11/22/2019,238
1792,10/31/2019,278
1793,09/11/2019,28
1794,05/19/2019,265
1795,02/28/2019,48
1796,05/23/2019,188
1797,03/20/2019,359
1798,07/16/2019,275
1799,07/12/2019,152
1800,09/30/2019,273
1801,12/07/2019,141
1802,08/10/2019,53
1803,09/16/2019,277
1804,01/20/2020,74
1805,03/23/2019,390
1806,03/09/2019,257
1807,05/09/2019,102
1808,04/19/2019,270
1809,12/01/2019,39
1810,06/01/2019,231
1811,10/26/2019,195
1812,02/25/2019,73
1813,02/03/2020,316
1814,06/07/2019,93
1815,05/05/2019,354
1816,07/10/2019,77
1817,06/18/2019,338
1818,08/26/2019,264
1819,09/25/2019,178
1820,05/12/2019,19
1821,05/27/2019,233
1822,03/27/2019,192
1823,12/13/2019,83
1824,09/01/2019,196
1825,01/25/2020,338
1826,10/18/2019,379
1827,08/29/2019,125
1828,02/26/2019,21
1829,12/12/2019,154
1830,09/09/2019,158
1831,06/03/2019,281
1832,07/03/2019,152
1833,03/19/2019,359
1834,06/16/2019,156
1835,12/12/2019,250
1836,02/12/2020,50
1837,08/28/2019,48
1838,06/09/2019,187
1839,07/30/2019,221
1840,08/15/2019,257
1841,06/30/2019,259
1842,09/13/2019,13
1843,03/28/2019,190
1844,07/14/2019,164
1845,01/25/2020,224
1846,08/26/2019,4
1847,06/02/2019,298
1848,12/29/2019,377
1849,04/08/2019,115
1850,10/22/2019,371
1851,04/29/2019,285
1852,05/22/2019,158
1853,10/01/2019,316
1854,02/15/2020,85
1855,01/18/2020,280
1856,07/12/2019,296
1857,04/23/2019,233
1858,08/27/2019,336
1859,08/12/2019,75
1860,06/21/2019,351
1861,09/04/2019,160
1862,02/02/2020,263
1863,12/04/2019,295
1864,11/06/2019,130
1865,09/11/2019,323
1866,09/15/2019,299
1867,04/01/2019,31
1868,07/05/2019,279
1869,03/24/2019,323
1870,03/29/2019,283
1871,11/11/2019,29
1872,02/26/2019,103
1873,07/25/2019,129
1874,09/02/2019,198
1875,05/29/2019,202
1876,09/28/2019,175
1877,04/24/2019,365
1878,04/26/2019,244
1879,08/12/2019,157
1880,03/02/2019,28
1881,10/19/2019,319
1882,10/18/2019,82
1883,03/30/2019,48
1884,10/23/2019,264
1885,12/28/2019,135
1886,03/06/2019,387
1887,06/08/2019,221
1888,05/26/2019,215
1889,02/20/2019,158
1890,05/20/2019,85
1891,09/22/2019,285
1892,06/02/2019,64
1893,05/20/2019,372
1894,04/30/2019,82
1895,10/04/2019,155
1896,11/11/2019,297
1897,02/05/2020,297
1898,04/21/2019,73
1899,03/04/2019,83
1900,05/11/2019,271
1901,08/21/2019,110
1902,12/29/2019,91
1903,05/29/2019,105
1904,07/12/2019,227
1905,06/10/2019,187
1906,06/14/2019,194
1907,06/15/2019,267
1908,07/01/2019,72
1909,06/28/2019,247
1910,08/14/2019,236
1911,07/12/2019,198
1912,07/01/2019,292
1913,02/01/2020,297
1914,02/19/2020,127
1915,06/30/2019,217
1916,08/09/2019,250
1917,10/15/2019,118
1918,09/08/2019,146
1919,04/11/2019,232
1920,12/08/2019,228
1921,11/25/2019,266
1922,11/26/2019,232
1923,02/14/2020,326
1924,02/08/2020,341
1925,06/19/2019,19
1926,08/31/2019,130
1927,09/09/2019,352
1928,01/29/2020,1
1929,08/29/2019,247
1930,07/16/2019,359
1931,06/13/2019,18
1932,03/31/2019,321
1933,11/14/2019,317
1934,09/23/2019,266
1935,05/21/2019,365
1936,08/26/2019,159
1937,03/07/2019,121
1938,04/09/2019,134
1939,05/15/2019,62
1940,08/16/2019,304
1941,02/11/2020,59
1942,05/27/2019,253
1943,12/02/2019,245
1944,04/27/2019,126
1945,08/25/2019,351
1946,06/16/2019,343
1947,10/26/2019,331
1948,12/23/2019,248
1949,05/12/2019,387
1950,09/08/2019,329
1951,05/16/2019,367
1952,09/13/2019,190
1953,07/26/2019,182
1954,11/15/2019,235
1955,02/17/2020,66
1956,07/14/2019,155
1957,12/03/2019,12
1958,04/27/2019,367
1959,12/14/2019,10
1960,11/15/2019,80
1961,11/06/2019,390
1962,06/06/2019,371
1963,05/03/2019,21
1964,09/07/2019,49
1965,07/09/2019,50
1966,01/01/2020,21
1967,08/09/2019,26
1968,05/06/2019,308
1969,06/06/2019,290
1970,12/12/2019,131
1971,07/29/2019,300
1972,06/10/2019,22
1973,05/04/2019,37
1974,03/23/2019,96
1975,12/19/2019,121
1976,11/05/2019,17
1977,09/14/2019,163
1978,10/12/2019,158
1979,03/31/2019,251
1980,03/03/2019,325
1981,05/09/2019,237
1982,02/27/2019,98
1983,05/08/2019,114
1984,11/20/2019,90
1985,06/16/2019,120
1986,10/21/2019,15
1987,04/11/2019,264
1988,11/29/2019,347
1989,08/04/2019,155
1990,02/25/2019,294
1991,07/14/2019,4
1992,01/03/2020,351
1993,08/07/2019,58
1994,08/31/2019,122
1995,08/25/2019,296
1996,11/05/2019,37
1997,02/17/2020,308
1998,10/14/2019,49
1999,05/26/2019,74
2000,09/19/2019,161
2001,10/28/2019,93
2002,10/03/2019,322
2003,11/19/2019,237
2004,09/25/2019,192
2005,10/02/2019,34
2006,03/19/2019,52
2007,02/04/2020,165
2008,04/23/2019,189
2009,12/16/2019,366
2010,07/06/2019,50
2011,04/11/2019,344
2012,06/22/2019,205
2013,09/23/2019,241
2014,05/29/2019,345
2015,11/25/2019,228
2016,02/05/2020,213
2017,10/06/2019,221
2018,12/16/2019,315
2019,01/05/2020,235
2020,07/20/2019,159
2021,02/03/2020,249
2022,04/14/2019,62
2023,07/23/2019,231
2024,08/04/2019,220
2025,10/26/2019,378
2026,09/12/2019,343
2027,04/15/2019,41
2028,09/29/2019,24
2029,10/21/2019,291
2030,08/26/2019,140
2031,08/01/2019,53
2032,12/10/2019,139
2033,08/04/2019,78
2034,01/03/2020,339
2035,04/15/2019,301
2036,03/23/2019,344
2037,04/07/2019,150
2038,07/20/2019,75
2039,04/01/2019,90
2040,10/07/2019,226
2041,07/07/2019,37
2042,08/15/2019,39
2043,01/05/2020,381
2044,05/25/2019,307
2045,10/09/2019,253
2046,03/05/2019,156
2047,03/18/2019,137
2048,07/30/2019,156
2049,04/26/2019,63
2050,07/25/2019,391
2051,11/15/2019,313
2052,01/20/2020,229
2053,11/17/2019,121
2054,06/16/2019,286
2055,07/03/2019,349
2056,08/27/2019,192
2057,06/30/2019,187
2058,02/14/2020,171
2059,03/19/2019,120
2060,11/23/2019,383
2061,09/11/2019,132
2062,04/29/2019,238
2063,10/06/2019,48
2064,06/07/2019,70
2065,10/12/2019,186
2066,11/06/2019,167
2067,05/18/2019,134
2068,01/03/2020,183
2069,10/31/2019,42
2070,01/10/2020,84
2071,08/09/2019,368
2072,01/01/2020,393
2073,11/02/2019,109
2074,10/17/2019,103
2075,07/19/2019,160
2076,03/24/2019,329
2077,09/10/2019,13
2078,12/16/2019,107
2079,07/01/2019,318
2080,10/02/2019,355
2081,04/25/2019,327
2082,03/03/2019,205
2083,11/08/2019,18
2084,09/24/2019,235
2085,03/29/2019,246
2086,04/22/2019,281
2087,04/22/2019,297
2088,12/24/2019,243
2089,04/04/2019,387
2090,08/17/2019,110
2091,07/03/2019,121
2092,01/28/2020,109
2093,06/16/2019,195
2094,10/20/2019,231
2095,11/19/2019,124
2096,11/05/2019,271
2097,12/28/2019,11
2098,01/19/2020,131
2099,11/04/2019,117
2100,12/12/2019,89
2101,06/08/2019,329
2102,03/24/2019,146
2103,12/15/2019,176
2104,02/03/2020,324
2105,02/04/2020,313
2106,07/20/2019,161
2107,12/22/2019,261
2108,11/01/2019,236
2109,07/27/2019,328
2110,05/14/2019,137
2111,06/22/2019,147
2112,05/24/2019,224
2113,11/01/2019,91
2114,10/31/2019,170
2115,03/19/2019,49
2116,11/07/2019,32
2117,08/06/2019,295
2118,03/24/2019,323
2119,09/06/2019,313
2120,02/10/2020,180
2121,07/06/2019,271
2122,06/10/2019,340
2123,11/19/2019,212
2124,10/22/2019,256
2125,12/03/2019,223
2126,02/06/2020,266
2127,12/29/2019,28
2128,03/10/2019,100
2129,03/06/2019,131
2130,07/29/2019,282
2131,12/17/2019,334
2132,06/30/2019,241
2133,11/28/2019,52
2134,09/20/2019,50
2135,06/07/2019,43
2136,06/05/2019,192
2137,10/03/2019,202
2138,02/24/2019,367
2139,07/18/2019,247
2140,06/24/2019,77
2141,11/09/2019,270
2142,08/06/2019,160
2143,12/29/2019,134
2144,06/26/2019,302
2145,08/17/2019,326
2146,06/30/2019,194
2147,08/31/2019,163
2148,06/20/2019,280
2149,11/17/2019,234
2150,06/02/2019,390
2151,06/05/2019,58
2152,01/20/2020,49
2153,04/05/2019,31
2154,08/19/2019,260
2155,01/27/2020,312
2156,04/12/2019,303
2157,04/20/2019,39
2158,01/21/2020,239
2159,09/14/2019,112
2160,10/11/2019,255
2161,08/06/2019,172
2162,09/25/2019,90
2163,03/03/2019,210
2164,05/14/2019,341
2165,06/01/2019,92
2166,02/04/2020,269
2167,12/25/2019,324
2168,06/16/2019,63
2169,10/24/2019,205
2170,04/17/2019,241
2171,05/30/2019,134
2172,06/23/2019,274
2173,02/20/2019,220
2174,08/18/2019,394
2175,11/19/2019,296
2176,05/28/2019,167
2177,10/12/2019,165
2178,02/20/2019,274
2179,02/06/2020,139
2180,08/26/2019,262
2181,05/15/2019,381
2182,02/16/2020,275
2183,05/07/2019,284
2184,05/04/2019,186
2185,08/02/2019,216
2186,07/19/2019,284
2187,09/02/2019,16
2188,07/15/2019,111
2189,11/21/2019,379
2190,11/21/2019,263
2191,07/14/2019,325
2192,09/17/2019,241
2193,03/28/2019,96
2194,09/12/2019,193
2195,05/02/2019,259
2196,06/22/2019,239
2197,01/02/2020,73
2198,06/04/2019,323
2199,02/20/2019,27
2200,05/05/2019,128
2201,02/09/2020,128
2202,01/22/2020,193
2203,04/08/2019,152
2204,06/11/2019,217
2205,06/18/2019,177
2206,12/15/2019,304
2207,05/18/2019,391
2208,09/25/2019,219
2209,11/12/2019,387
2210,05/24/2019,248
2211,04/09/2019,316
2212,04/10/2019,322
2213,09/28/2019,216
2214,08/16/2019,286
2215,08/31/2019,35
2216,07/31/2019,289
2217,05/26/2019,14
2218,12/12/2019,197
2219,10/07/2019,128
2220,01/13/2020,73
2221,08/04/2019,29
2222,03/03/2019,185
2223,06/14/2019,379
2224,08/26/2019,144
2225,04/29/2019,248
2226,10/19/2019,282
2227,02/28/2019,342
2228,01/22/2020,259
2229,05/30/2019,163
2230,11/18/2019,375
2231,06/10/2019,123
2232,02/12/2020,324
2233,12/17/2019,385
2234,04/23/2019,83
2235,08/19/2019,123
2236,05/22/2019,279
2237,03/24/2019,379
2238,02/11/2020,53
2239,08/05/2019,115
2240,12/23/2019,353
2241,12/30/2019,212
2242,01/15/2020,133
2243,09/06/2019,255
2244,08/10/2019,333
2245,05/03/2019,351
2246,02/17/2020,380
2247,02/20/2019,269
2248,02/13/2020,7
2249,09/18/2019,220
2250,12/30/2019,160
2251,09/25/2019,338
2252,12/17/2019,236
2253,07/04/2019,93
2254,12/12/2019,219
2255,01/26/2020,391
2256,02/10/2020,4
2257,04/29/2019,273
2258,11/27/2019,293
2259,11/28/2019,347
2260,12/28/2019,110
2261,03/10/2019,293
2262,09/28/2019,144
2263,09/14/2019,249
2264,02/13/2020,103
2265,11/25/2019,13
2266,04/01/2019,247
2267,06/10/2019,247
2268,10/16/2019,256
2269,07/23/2019,385
2270,09/08/2019,45
2271,12/01/2019,82
2272,02/01/2020,215
2273,08/14/2019,176
2274,12/03/2019,253
2275,02/25/2019,310
2276,01/23/2020,388
2277,12/20/2019,172
2278,01/28/2020,201
2279,11/25/2019,71
2280,08/21/2019,247
2281,07/03/2019,15
2282,11/08/2019,71
2283,11/26/2019,189
2284,05/14/2019,32
2285,01/15/2020,135
2286,12/22/2019,224
2287,05/10/2019,14
2288,03/28/2019,6
2289,02/07/2020,270
2290,12/10/2019,224
2291,03/23/2019,93
2292,06/12/2019,192
2293,07/07/2019,285
2294,07/05/2019,40
2295,05/31/2019,235
2296,06/12/2019,193
2297,10/24/2019,219
2298,10/08/2019,80
2299,07/10/2019,396
2300,07/04/2019,218
2301,12/25/2019,48
2302,08/26/2019,289
2303,07/14/2019,367
2304,03/25/2019,306
2305,01/11/2020,326
2306,04/09/2019,183
2307,06/14/2019,174
2308,02/23/2019,268
2309,06/24/2019,343
2310,04/17/2019,357
2311,02/12/2020,227
2312,04/10/2019,65
2313,05/01/2019,110
2314,11/06/2019,204
2315,06/03/2019,247
2316,03/05/2019,205
2317,03/18/2019,330
2318,12/05/2019,110
2319,08/17/2019,244
2320,12/09/2019,102
2321,12/18/2019,387
2322,02/08/2020,158
2323,10/18/2019,126
2324,08/13/2019,248
2325,07/01/2019,87
2326,01/09/2020,381
2327,11/15/2019,342
2328,05/13/2019,18
2329,09/24/2019,330
2330,01/23/2020,82
2331,04/01/2019,315
2332,06/29/2019,255
2333,02/12/2020,335
2334,06/17/2019,350
2335,09/09/2019,367
2336,08/02/2019,319
2337,02/25/2019,15
2338,10/26/2019,260
2339,01/25/2020,332
2340,12/14/2019,356
2341,10/16/2019,119
2342,04/24/2019,196
2343,07/09/2019,180
2344,04/04/2019,61
2345,04/10/2019,289
2346,09/05/2019,250
2347,05/19/2019,295
2348,02/17/2020,140
2349,12/01/2019,189
2350,12/10/2019,46
2351,02/13/2020,51
2352,09/20/2019,133
2353,04/11/2019,8
2354,07/08/2019,178
2355,10/17/2019,393
2356,02/13/2020,309
2357,01/09/2020,63
2358,12/18/2019,25
2359,12/27/2019,31
2360,06/28/2019,188
2361,07/23/2019,84
2362,07/27/2019,75
2363,01/21/2020,125
2364,10/19/2019,321
2365,09/21/2019,230
2366,12/04/2019,151
2367,11/24/2019,149
2368,01/20/2020,198
2369,09/02/2019,262
2370,06/14/2019,74
2371,02/10/2020,164
2372,06/25/2019,318
2373,09/27/2019,25
2374,11/09/2019,363
2375,03/07/2019,72
2376,06/01/2019,150
2377,11/26/2019,42
2378,02/13/2020,10
2379,05/21/2019,112
2380,12/13/2019,227
2381,04/04/2019,172
2382,09/18/2019,161
2383,12/29/2019,217
2384,10/11/2019,292
2385,09/09/2019,8
2386,08/07/2019,51
2387,03/22/2019,322
2388,07/10/2019,219
2389,03/28/2019,218
2390,07/16/2019,284
2391,08/23/2019,121
2392,05/05/2019,99
2393,06/17/2019,209
2394,09/13/2019,191
2395,03/28/2019,235
2396,04/27/2019,195
2397,02/25/2019,260
2398,06/08/2019,216
2399,03/06/2019,57
2400,12/16/2019,209
2401,04/04/2019,14
2402,03/01/2019,201
2403,08/27/2019,28
2404,06/15/2019,65
2405,07/29/2019,319
2406,05/21/2019,73
2407,04/11/2019,1
2408,06/01/2019,319
2409,06/18/2019,337
2410,04/19/2019,7
2411,08/08/2019,316
2412,05/23/2019,361
2413,03/31/2019,317
2414,05/10/2019,137
2415,07/04/2019,280
2416,11/18/2019,319
2417,02/13/2020,12
2418,07/20/2019,82
2419,03/09/2019,69
2420,07/02/2019,139
2421,09/24/2019,29
2422,03/14/2019,290
2423,02/11/2020,73
2424,12/08/2019,253
2425,12/13/2019,129
2426,08/08/2019,14
2427,09/22/2019,35
2428,02/06/2020,36
2429,08/16/2019,64
2430,12/31/2019,164
2431,11/08/2019,106
2432,07/01/2019,90
2433,08/22/2019,140
2434,02/01/2020,126
2435,03/26/2019,102
2436,01/08/2020,210
2437,05/10/2019,107
2438,03/01/2019,230
2439,06/12/2019,361
2440,08/18/2019,384
2441,07/20/2019,17
2442,03/09/2019,291
2443,08/23/2019,129
2444,01/15/2020,104
2445,02/12/2020,113
2446,06/06/2019,361
2447,11/11/2019,20
2448,09/30/2019,22
2449,03/21/2019,134
2450,06/10/2019,382
2451,02/13/2020,239
2452,05/01/2019,314
2453,06/02/2019,374
2454,05/10/2019,313
2455,08/07/2019,298
2456,05/06/2019,375
2457,05/16/2019,395
2458,06/18/2019,360
2459,01/28/2020,30
2460,03/21/2019,270
2461,09/30/2019,179
2462,08/21/2019,213
2463,01/06/2020,233
2464,12/27/2019,192
2465,07/24/2019,341
2466,09/26/2019,265
2467,07/14/2019,52
2468,10/18/2019,290
2469,10/01/2019,327
2470,08/24/2019,79
2471,12/19/2019,30
2472,06/09/2019,23
2473,09/21/2019,137
2474,04/24/2019,100
2475,11/09/2019,316
2476,09/24/2019,13
2477,03/09/2019,339
2478,07/09/2019,289
2479,08/06/2019,338
2480,08/16/2019,112
2481,07/30/2019,332
2482,01/20/2020,202
2483,08/30/2019,323
2484,03/07/2019,100
2485,01/24/2020,108
2486,03/19/2019,113
2487,03/12/2019,283
2488,08/31/2019,67
2489,05/05/2019,198
2490,06/25/2019,150
2491,12/29/2019,156
2492,06/06/2019,34
2493,02/14/2020,316
2494,06/30/2019,137
2495,05/21/2019,380
2496,02/01/2020,319
2497,09/13/2019,395
2498,06/14/2019,323
2499,07/16/2019,45
2500,05/20/2019,193
2501,02/19/2020,242
2502,11/10/2019,280
2503,08/19/2019,382
2504,09/11/2019,133
2505,03/16/2019,61
2506,02/25/2019,214
2507,11/02/2019,83
2508,11/22/2019,399
2509,01/18/2020,134
2510,01/28/2020,341
2511,01/14/2020,211
2512,09/20/2019,61
2513,02/08/2020,23
2514,09/24/2019,323
2515,05/15/2019,65
2516,04/07/2019,342
2517,07/08/2019,397
2518,07/27/2019,76
2519,08/15/2019,89
2520,09/18/2019,216
2521,05/15/2019,200
2522,06/27/2019,137
2523,07/19/2019,143
2524,06/12/2019,64
2525,03/07/2019,378
2526,03/01/2019,140
2527,09/18/2019,14
2528,07/04/2019,284
2529,07/10/2019,37
2530,07/26/2019,34
2531,05/21/2019,345
2532,09/13/2019,341
2533,08/19/2019,283
2534,03/09/2019,32
2535,09/16/2019,254
2536,03/26/2019,352
2537,01/10/2020,297
2538,02/08/2020,336
2539,03/30/2019,126
2540,10/21/2019,209
2541,11/27/2019,169
2542,12/04/2019,64
2543,08/05/2019,356
2544,01/15/2020,381
2545,06/22/2019,24
2546,05/16/2019,172
2547,04/28/2019,325
2548,11/04/2019,50
2549,06/27/2019,123
2550,05/12/2019,110
2551,11/22/2019,133
2552,04/06/2019,284
2553,09/21/2019,177
2554,05/16/2019,199
2555,12/30/2019,371
2556,08/27/2019,210
2557,01/10/2020,197
2558,01/27/2020,24
2559,08/22/2019,141
2560,09/20/2019,184
2561,01/18/2020,264
2562,02/19/2020,265
2563,09/22/2019,91
2564,05/24/2019,218
2565,01/18/2020,367
2566,04/11/2019,332
2567,06/15/2019,340
2568,08/25/2019,46
2569,07/30/2019,12
2570,12/02/2019,143
2571,07/25/2019,174
2572,08/26/2019,109
2573,03/16/2019,215
2574,02/04/2020,178
2575,08/12/2019,241
2576,04/06/2019,203
2577,09/30/2019,247
2578,03/18/2019,63
2579,01/14/2020,177
2580,04/11/2019,271
2581,04/21/2019,131
2582,03/31/2019,348
2583,06/16/2019,65
2584,10/04/2019,302
2585,10/05/2019,314
2586,08/31/2019,388
2587,06/21/2019,178
2588,10/30/2019,243
2589,12/23/2019,98
2590,04/09/2019,73
2591,01/13/2020,9
2592,02/09/2020,397
2593,12/03/2019,89
2594,12/28/2019,286
2595,05/08/2019,134
2596,10/20/2019,143
2597,12/06/2019,137
2598,01/28/2020,174
2599,02/19/2020,206
2600,09/25/2019,190
2601,11/24/2019,261
2602,08/19/2019,294
2603,12/12/2019,54
2604,02/12/2020,278
2605,06/29/2019,346
2606,02/18/2020,129
2607,01/08/2020,77
2608,11/19/2019,341
2609,04/11/2019,236
2610,03/20/2019,180
2611,03/22/2019,262
2612,02/20/2019,193
2613,06/09/2019,103
2614,12/28/2019,109
2615,04/26/2019,138
2616,08/09/2019,305
2617,06/21/2019,138
2618,10/02/2019,315
2619,08/13/2019,99
2620,03/26/2019,47
2621,02/07/2020,66
2622,08/10/2019,77
2623,05/02/2019,332
2624,09/19/2019,351
2625,04/18/2019,57
2626,03/11/2019,78
2627,08/19/2019,41
2628,02/15/2020,257
2629,09/17/2019,24
2630,10/24/2019,294
2631,09/06/2019,116
2632,12/24/2019,248
2633,09/06/2019,343
2634,10/30/2019,243
2635,06/02/2019,20
2636,06/12/2019,75
2637,10/03/2019,238
2638,06/30/2019,173
2639,07/22/2019,315
2640,09/24/2019,139
2641,03/03/2019,354
2642,02/21/2019,175
2643,04/08/2019,11
2644,05/05/2019,129
2645,11/12/2019,312
2646,03/12/2019,96
2647,10/15/2019,165
2648,08/30/2019,241
2649,11/30/2019,275
2650,08/06/2019,106
2651,02/26/2019,238
2652,05/13/2019,143
2653,07/01/2019,165
2654,11/01/2019,188
2655,03/30/2019,271
2656,07/22/2019,174
2657,05/02/2019,246
2658,10/24/2019,180
2659,11/15/2019,132
2660,01/05/2020,322
2661,08/12/2019,13
2662,05/04/2019,119
2663,08/23/2019,58
2664,12/04/2019,223
2665,11/08/2019,176
2666,01/21/2020,398
2667,06/05/2019,353
2668,01/05/2020,81
2669,03/05/2019,201
2670,05/13/2019,295
2671,02/04/2020,316
2672,02/14/2020,1
2673,04/03/2019,164
2674,01/03/2020,278
2675,05/10/2019,15
2676,06/13/2019,398
2677,05/21/2019,260
2678,04/10/2019,105
2679,01/06/2020,71
2680,09/05/2019,67
2681,04/05/2019,198
2682,02/26/2019,52
2683,04/14/2019,392
2684,11/07/2019,77
2685,08/28/2019,57
2686,01/14/2020,249
2687,08/18/2019,92
2688,03/02/2019,60
2689,08/08/2019,366
2690,07/01/2019,127
2691,01/03/2020,163
2692,07/23/2019,72
2693,10/08/2019,30
2694,04/21/2019,190
2695,12/12/2019,375
2696,04/28/2019,198
2697,06/13/2019,130
2698,02/01/2020,289
2699,06/01/2019,346
2700,04/29/2019,26
2701,10/06/2019,346
2702,10/30/2019,207
2703,01/20/2020,54
2704,05/02/2019,302
2705,02/09/2020,129
2706,05/20/2019,152
2707,04/11/2019,65
2708,11/22/2019,368
2709,06/27/2019,371
2710,11/09/2019,71
2711,11/21/2019,263
2712,01/30/2020,69
2713,09/19/2019,300
2714,02/15/2020,173
2715,07/19/2019,223
2716,09/11/2019,282
2717,12/13/2019,56
2718,09/30/2019,203
2719,04/21/2019,194
2720,08/15/2019,247
2721,01/03/2020,367
2722,01/24/2020,165
2723,09/24/2019,245
2724,12/20/2019,352
2725,03/01/2019,309
2726,10/04/2019,395
2727,04/20/2019,58
2728,01/17/2020,104
2729,09/26/2019,383
2730,04/10/2019,289
2731,06/26/2019,227
2732,06/05/2019,22
2733,08/23/2019,49
2734,08/08/2019,63
2735,10/09/2019,219
2736,03/08/2019,38
2737,03/25/2019,266
2738,12/01/2019,268
2739,05/08/2019,361
2740,07/01/2019,217
2741,05/17/2019,120
2742,03/27/2019,199
2743,08/08/2019,41
2744,05/17/2019,193
2745,02/22/2019,117
2746,12/26/2019,29
2747,11/02/2019,180
2748,03/17/2019,247
2749,08/23/2019,267
2750,05/16/2019,293
2751,09/02/2019,110
2752,01/22/2020,62
2753,12/31/2019,249
2754,05/22/2019,22
2755,08/20/2019,209
2756,08/20/2019,296
2757,04/29/2019,95
2758,03/30/2019,359
2759,11/11/2019,176
2760,12/26/2019,97
2761,06/07/2019,60
2762,08/07/2019,163
2763,06/22/2019,374
2764,05/15/2019,368
2765,01/08/2020,201
2766,01/17/2020,366
2767,10/22/2019,288
2768,01/30/2020,114
2769,06/14/2019,353
2770,03/04/2019,320
2771,02/22/2019,3
2772,09/26/2019,235
2773,06/14/2019,137
2774,01/06/2020,115
2775,04/17/2019,51
2776,05/14/2019,287
2777,10/01/2019,19
2778,11/06/2019,37
2779,05/20/2019,195
2780,12/10/2019,209
2781,04/04/2019,197
2782,10/02/2019,176
2783,09/02/2019,87
2784,01/03/2020,354
2785,11/26/2019,343
2786,06/20/2019,61
2787,02/11/2020,315
2788,07/11/2019,348
2789,10/18/2019,318
2790,10/15/2019,40
2791,11/27/2019,264
2792,10/19/2019,297
2793,06/23/2019,154
2794,10/29/2019,325
2795,05/17/2019,96
2796,10/30/2019,101
2797,01/17/2020,293
2798,08/12/2019,167
2799,04/16/2019,150
2800,11/12/2019,57
2801,03/02/2019,301
2802,06/30/2019,296
2803,04/28/2019,322
2804,08/20/2019,113
2805,02/13/2020,151
2806,05/18/2019,236
2807,12/08/2019,361
2808,04/09/2019,51
2809,04/25/2019,225
2810,06/17/2019,234
2811,01/22/2020,229
2812,04/14/2019,231
2813,08/02/2019,15
2814,08/29/2019,283
2815,10/11/2019,279
2816,10/28/2019,276
2817,05/03/2019,318
2818,12/08/2019,58
2819,03/24/2019,277
2820,09/11/2019,56
2821,09/18/2019,347
2822,05/01/2019,384
2823,04/27/2019,14
2824,11/30/2019,346
2825,04/07/2019,367
2826,06/11/2019,11
2827,02/05/2020,153
2828,06/15/2019,144
2829,05/01/2019,248
2830,07/17/2019,368
2831,03/03/2019,373
2832,03/17/2019,387
2833,02/09/2020,377
2834,09/28/2019,303
2835,08/17/2019,166
2836,05/09/2019,214
2837,06/10/2019,119
2838,05/07/2019,322
2839,12/12/2019,139
2840,05/08/2019,154
2841,01/25/2020,258
2842,12/20/2019,29
2843,11/03/2019,38
2844,08/07/2019,117
2845,12/09/2019,12
2846,12/13/2019,243
2847,11/30/2019,218
2848,03/11/2019,253
2849,04/13/2019,160
2850,03/15/2019,98
2851,02/28/2019,258
2852,05/09/2019,25
2853,07/24/2019,215
2854,03/13/2019,62
2855,03/24/2019,57
2856,05/26/2019,273
2857,11/26/2019,235
2858,07/01/2019,4
2859,09/11/2019,186
2860,10/04/2019,365
2861,01/14/2020,312
2862,09/25/2019,127
2863,09/23/2019,302
2864,02/25/2019,83
2865,12/16/2019,54
2866,05/26/2019,156
2867,01/05/2020,55
2868,04/07/2019,238
2869,03/17/2019,276
2870,12/27/2019,176
2871,04/17/2019,33
2872,08/03/2019,38
2873,11/29/2019,171
2874,03/11/2019,268
2875,08/26/2019,46
2876,05/31/2019,81
2877,01/01/2020,394
2878,12/28/2019,221
2879,08/18/2019,149
2880,04/24/2019,366
2881,11/06/2019,252
2882,12/26/2019,316
2883,11/02/2019,44
2884,07/12/2019,59
2885,10/06/2019,130
2886,10/01/2019,87
2887,07/10/2019,11
2888,07/13/2019,399
2889,11/01/2019,264
2890,03/06/2019,233
2891,12/17/2019,308
2892,07/02/2019,39
2893,08/03/2019,117
2894,08/05/2019,343
2895,03/17/2019,43
2896,03/01/2019,280
2897,08/14/2019,324
2898,03/04/2019,325
2899,12/06/2019,91
2900,11/02/2019,181
2901,06/07/2019,83
2902,12/30/2019,21
2903,04/27/2019,169
2904,11/20/2019,125
2905,03/12/2019,267
2906,05/30/2019,174
2907,01/13/2020,369
2908,06/23/2019,29
2909,01/11/2020,108
2910,08/24/2019,47
2911,11/03/2019,54
2912,06/22/2019,103
2913,02/16/2020,285
2914,12/18/2019,5
2915,06/06/2019,31
2916,04/04/2019,382
2917,11/02/2019,307
2918,10/03/2019,174
2919,03/26/2019,51
2920,02/11/2020,142
2921,11/22/2019,77
2922,08/24/2019,182
2923,12/24/2019,88
2924,02/07/2020,23
2925,01/23/2020,13
2926,03/26/2019,231
2927,12/14/2019,348
2928,01/15/2020,389
2929,02/17/2020,192
2930,08/25/2019,229
2931,10/17/2019,20
2932,03/22/2019,303
2933,11/15/2019,170
2934,04/26/2019,322
2935,04/01/2019,206
2936,04/05/2019,152
2937,06/05/2019,132
2938,04/04/2019,261
2939,09/16/2019,400
2940,12/06/2019,85
2941,02/10/2020,55
2942,01/05/2020,22
2943,05/18/2019,322
2944,06/09/2019,281
2945,05/05/2019,362
2946,06/20/2019,320
2947,05/03/2019,107
2948,07/18/2019,134
2949,04/06/2019,245
2950,11/03/2019,61
2951,06/05/2019,158
2952,06/08/2019,110
2953,09/03/2019,147
2954,09/12/2019,75
2955,12/06/2019,245
2956,04/08/2019,84
2957,04/16/2019,337
2958,06/04/2019,73
2959,08/05/2019,14
2960,05/22/2019,231
2961,03/16/2019,89
2962,02/04/2020,369
2963,02/16/2020,156
2964,09/08/2019,194
2965,09/04/2019,376
2966,12/22/2019,248
2967,07/17/2019,119
2968,10/22/2019,270
2969,10/04/2019,171
2970,02/15/2020,164
2971,05/21/2019,21
2972,03/17/2019,272
2973,07/02/2019,226
2974,06/23/2019,181
2975,10/23/2019,301
2976,10/19/2019,168
2977,09/22/2019,91
2978,10/26/2019,309
2979,09/17/2019,390
2980,06/20/2019,378
2981,12/02/2019,167
2982,12/30/2019,397
2983,12/17/2019,373
2984,12/16/2019,279
2985,02/12/2020,205
2986,02/20/2019,179
2987,10/29/2019,360
2988,03/18/2019,28
2989,06/11/2019,82
2990,06/26/2019,177
2991,01/04/2020,66
2992,04/26/2019,192
2993,03/06/2019,19
2994,11/17/2019,199
2995,04/15/2019,33
2996,08/17/2019,266
2997,10/23/2019,256
2998,11/08/2019,8
2999,12/26/2019,113
3000,09/17/2019,267
3001,12/30/2019,64
3002,03/26/2019,287
3003,01/15/2020,372
3004,10/15/2019,208
3005,11/21/2019,33
3006,04/13/2019,275
3007,01/29/2020,90
3008,08/09/2019,307
3009,04/04/2019,54
3010,08/10/2019,53
3011,05/14/2019,17
3012,07/27/2019,220
3013,03/02/2019,194
3014,01/15/2020,10
3015,10/22/2019,227
3016,09/18/2019,1
3017,08/29/2019,131
3018,01/26/2020,314
3019,04/19/2019,231
3020,07/17/2019,68
3021,12/21/2019,32
3022,05/13/2019,126
3023,10/27/2019,23
3024,11/30/2019,252
3025,04/25/2019,368
3026,12/07/2019,384
3027,09/18/2019,78
3028,10/02/2019,78
3029,04/12/2019,68
3030,07/01/2019,61
3031,09/07/2019,343
3032,04/14/2019,236
3033,08/25/2019,202
3034,12/26/2019,181
3035,02/03/2020,32
3036,04/10/2019,196
3037,02/17/2020,10
3038,05/04/2019,103
3039,12/07/2019,45
3040,10/17/2019,363
3041,05/09/2019,373
3042,07/30/2019,23
3043,03/14/2019,348
3044,02/07/2020,221
3045,10/19/2019,361
3046,05/05/2019,306
3047,12/31/2019,396
3048,12/23/2019,384
3049,12/02/2019,203
3050,01/27/2020,149
3051,06/01/2019,282
3052,03/05/2019,291
3053,09/19/2019,380
3054,11/24/2019,260
3055,01/08/2020,257
3056,12/10/2019,324
3057,11/28/2019,13
3058,09/25/2019,336
3059,10/25/2019,368
3060,08/01/2019,46
3061,12/09/2019,366
3062,12/05/2019,248
3063,08/22/2019,338
3064,09/27/2019,83
3065,06/13/2019,163
3066,09/23/2019,296
3067,03/12/2019,254
3068,09/08/2019,200
3069,09/01/2019,388
3070,05/26/2019,296
3071,04/21/2019,69
3072,12/13/2019,265
3073,04/28/2019,196
3074,02/26/2019,169
3075,12/04/2019,63
3076,06/30/2019,81
3077,08/11/2019,237
3078,10/15/2019,116
3079,03/09/2019,121
3080,02/09/2020,387
3081,12/09/2019,165
3082,04/02/2019,68
3083,04/27/2019,371
3084,05/06/2019,184
3085,09/05/2019,58
3086,06/22/2019,131
3087,09/13/2019,10
3088,12/08/2019,97
3089,03/26/2019,147
3090,02/25/2019,343
3091,11/17/2019,272
3092,07/25/2019,369
3093,10/13/2019,43
3094,12/29/2019,53
3095,02/01/2020,52
3096,10/08/2019,316
3097,03/27/2019,252
3098,04/03/2019,268
3099,09/04/2019,84
3100,12/25/2019,287
3101,02/12/2020,238
3102,03/01/2019,312
3103,11/13/2019,183
3104,02/10/2020,148
3105,11/29/2019,97
3106,09/21/2019,91
3107,06/07/2019,348
3108,08/24/2019,342
3109,03/25/2019,211
3110,08/05/2019,22
3111,06/18/2019,276
3112,05/21/2019,360
3113,01/21/2020,156
3114,04/23/2019,190
3115,06/12/2019,117
3116,04/12/2019,203
3117,09/30/2019,274
3118,11/11/2019,50
3119,10/30/2019,146
3120,06/04/2019,24
3121,09/29/2019,171
3122,09/27/2019,30
3123,05/25/2019,280
3124,06/19/2019,392
3125,08/27/2019,333
3126,02/07/2020,344
3127,01/10/2020,323
3128,11/12/2019,385
3129,05/13/2019,85
3130,11/05/2019,273
3131,05/18/2019,334
3132,06/12/2019,147
3133,01/21/2020,342
3134,05/21/2019,322
3135,09/05/2019,198
3136,10/29/2019,295
3137,11/21/2019,244
3138,06/20/2019,221
3139,03/02/2019,349
3140,07/27/2019,55
3141,01/04/2020,55
3142,04/07/2019,239
3143,02/21/2019,98
3144,12/03/2019,265
3145,05/26/2019,378
3146,01/10/2020,301
3147,08/26/2019,92
3148,05/20/2019,302
3149,11/16/2019,329
3150,07/06/2019,219
3151,11/03/2019,325
3152,07/31/2019,315
3153,12/14/2019,58
3154,07/03/2019,288
3155,01/07/2020,84
3156,06/13/2019,391
3157,06/05/2019,236
3158,10/06/2019,18
3159,12/28/2019,70
3160,12/10/2019,317
3161,11/28/2019,76
3162,08/25/2019,296
3163,02/18/2020,84
3164,07/01/2019,329
3165,08/21/2019,20
3166,08/18/2019,387
3167,09/21/2019,179
3168,02/23/2019,137
3169,05/19/2019,35
3170,12/12/2019,268
3171,10/11/2019,127
3172,02/16/2020,266
3173,05/21/2019,167
3174,06/30/2019,113
3175,09/03/2019,208
3176,03/24/2019,195
3177,11/05/2019,14
3178,12/30/2019,58
3179,03/24/2019,71
3180,08/04/2019,245
3181,09/02/2019,220
3182,05/18/2019,167
3183,04/29/2019,209
3184,03/09/2019,25
3185,06/09/2019,202
3186,08/25/2019,106
3187,04/30/2019,313
3188,11/19/2019,297
3189,05/07/2019,24
3190,11/16/2019,114
3191,11/04/2019,99
3192,09/09/2019,243
3193,09/18/2019,267
3194,05/23/2019,167
3195,06/03/2019,245
3196,08/21/2019,270
3197,04/03/2019,260
3198,03/31/2019,129
3199,04/10/2019,122
3200,08/18/2019,375
3201,08/15/2019,244
3202,12/10/2019,134
3203,04/26/2019,294
3204,04/21/2019,245
3205,01/10/2020,370
3206,03/25/2019,371
3207,05/16/2019,40
3208,11/05/2019,180
3209,01/08/2020,53
3210,03/29/2019,381
3211,10/07/2019,258
3212,10/11/2019,394
3213,01/19/2020,317
3214,02/04/2020,162
3215,06/27/2019,208
3216,09/30/2019,237
3217,10/09/2019,189
3218,09/10/2019,88
3219,08/30/2019,114
3220,09/16/2019,69
3221,02/27/2019,334
3222,04/28/2019,86
3223,11/24/2019,378
3224,12/04/2019,350
3225,11/10/2019,253
3226,12/16/2019,188
3227,10/07/2019,75
3228,04/21/2019,107
3229,09/16/2019,102
3230,05/14/2019,104
3231,05/31/2019,347
3232,01/09/2020,282
3233,07/19/2019,338
3234,09/04/2019,196
3235,01/07/2020,102
3236,09/14/2019,338
3237,01/28/2020,352
3238,12/17/2019,123
3239,05/16/2019,101
3240,07/24/2019,206
3241,05/21/2019,348
3242,06/13/2019,215
3243,10/17/2019,14
3244,12/04/2019,389
3245,08/06/2019,152
3246,06/25/2019,294
3247,11/01/2019,248
3248,10/14/2019,26
3249,09/25/2019,36
3250,03/23/2019,144
3251,12/02/2019,353
3252,09/07/2019,27
3253,11/30/2019,22
3254,12/17/2019,257
3255,10/01/2019,229
3256,03/06/2019,99
3257,10/08/2019,337
3258,04/14/2019,281
3259,11/24/2019,71
3260,03/28/2019,329
3261,06/16/2019,28
3262,01/03/2020,116
3263,09/22/2019,339
3264,10/14/2019,88
3265,07/28/2019,297
3266,03/04/2019,217
3267,06/12/2019,201
3268,03/03/2019,309
3269,03/24/2019,278
3270,08/13/2019,268
3271,11/29/2019,226
3272,01/26/2020,296
3273,07/06/2019,136
3274,07/20/2019,399
3275,11/17/2019,254
3276,04/05/2019,155
3277,07/21/2019,284
3278,05/24/2019,120
3279,07/23/2019,174
3280,04/03/2019,389
3281,12/03/2019,217
3282,08/15/2019,327
3283,02/21/2019,189
3284,06/12/2019,28
3285,03/13/2019,169
3286,04/24/2019,257
3287,02/24/2019,357
3288,10/30/2019,330
3289,10/26/2019,364
3290,04/25/2019,63
3291,01/10/2020,177
3292,08/03/2019,9
3293,05/11/2019,89
3294,09/01/2019,285
3295,12/24/2019,336
3296,11/16/2019,140
3297,12/26/2019,40
3298,06/10/2019,308
3299,12/19/2019,73
3300,07/10/2019,176
3301,02/28/2019,381
3302,08/25/2019,169
3303,06/17/2019,17
3304,11/29/2019,168
3305,06/17/2019,243
3306,01/15/2020,148
3307,06/17/2019,205
3308,11/12/2019,198
3309,06/08/2019,250
3310,10/18/2019,338
3311,09/17/2019,382
3312,02/02/2020,90
3313,11/16/2019,200
3314,01/28/2020,155
3315,01/09/2020,400
3316,05/21/2019,260
3317,01/05/2020,105
3318,10/30/2019,327
3319,05/19/2019,95
3320,11/22/2019,52
3321,01/17/2020,343
3322,06/07/2019,230
3323,08/13/2019,18
3324,01/01/2020,60
3325,11/19/2019,189
3326,08/07/2019,307
3327,02/23/2019,63
3328,06/22/2019,172
3329,12/08/2019,116
3330,12/12/2019,293
3331,12/15/2019,257
3332,08/20/2019,47
3333,11/12/2019,241
3334,04/26/2019,107
3335,01/30/2020,353
3336,02/03/2020,214
3337,03/20/2019,113
3338,03/23/2019,47
3339,06/17/2019,134
3340,05/17/2019,135
3341,07/22/2019,132
3342,08/17/2019,381
3343,01/13/2020,81
3344,10/22/2019,9
3345,08/09/2019,195
3346,11/19/2019,244
3347,01/20/2020,100
3348,04/02/2019,203
3349,12/08/2019,352
3350,01/11/2020,62
3351,06/12/2019,305
3352,02/20/2019,382
3353,11/20/2019,90
3354,07/12/2019,115
3355,02/17/2020,162
3356,04/05/2019,379
3357,09/24/2019,145
3358,05/23/2019,38
3359,05/06/2019,329
3360,08/27/2019,243
3361,01/15/2020,143
3362,10/15/2019,240
3363,08/30/2019,155
3364,08/20/2019,175
3365,01/29/2020,32
3366,02/26/2019,38
3367,07/20/2019,20
3368,05/10/2019,283
3369,11/17/2019,232
3370,12/12/2019,280
3371,11/06/2019,267
3372,04/17/2019,362
3373,09/14/2019,4
3374,04/22/2019,368
3375,08/06/2019,295
3376,05/07/2019,5
3377,12/27/2019,280
3378,04/15/2019,387
3379,06/08/2019,373
3380,10/29/2019,306
3381,08/23/2019,55
3382,08/14/2019,250
3383,08/18/2019,366
3384,04/11/2019,376
3385,06/15/2019,211
3386,07/01/2019,242
3387,04/04/2019,362
3388,05/12/2019,348
3389,04/11/2019,23
3390,03/28/2019,378
3391,08/30/2019,128
3392,10/16/2019,363
3393,10/23/2019,270
3394,10/05/2019,270
3395,01/31/2020,34
3396,10/05/2019,71
3397,01/31/2020,274
3398,09/29/2019,287
3399,07/19/2019,242
3400,01/03/2020,264
3401,12/08/2019,59
3402,11/20/2019,231
3403,09/11/2019,333
3404,12/28/2019,246
3405,04/24/2019,305
3406,10/30/2019,34
3407,10/17/2019,69
3408,05/21/2019,24
3409,10/28/2019,361
3410,12/07/2019,282
3411,06/19/2019,358
3412,10/02/2019,44
3413,08/10/2019,191
3414,02/12/2020,306
3415,08/10/2019,276
3416,01/29/2020,24
3417,09/24/2019,280
3418,03/25/2019,103
3419,12/14/2019,73
3420,10/23/2019,348
3421,05/28/2019,365
3422,10/08/2019,221
3423,03/17/2019,147
3424,04/18/2019,228
3425,07/15/2019,325
3426,11/05/2019,131
3427,08/17/2019,393
3428,04/02/2019,11
3429,05/27/2019,336
3430,08/21/2019,187
3431,11/04/2019,164
3432,05/26/2019,182
3433,08/03/2019,234
3434,01/22/2020,334
3435,05/27/2019,189
3436,05/09/2019,3
3437,10/25/2019,339
3438,09/28/2019,219
3439,08/19/2019,351
3440,05/21/2019,321
3441,02/13/2020,227
3442,05/05/2019,222
3443,09/26/2019,72
3444,02/06/2020,143
3445,09/26/2019,346
3446,01/21/2020,157
3447,10/15/2019,294
3448,02/27/2019,143
3449,05/07/2019,271
3450,11/30/2019,97
3451,05/19/2019,310
3452,03/14/2019,291
3453,04/22/2019,155
3454,07/29/2019,227
3455,10/24/2019,287
3456,05/01/2019,399
3457,04/11/2019,355
3458,05/18/2019,167
3459,11/24/2019,139
3460,03/11/2019,159
3461,05/15/2019,133
3462,05/21/2019,218
3463,07/23/2019,283
3464,11/03/2019,296
3465,09/11/2019,267
3466,06/26/2019,175
3467,07/29/2019,81
3468,12/15/2019,319
3469,02/07/2020,30
3470,07/02/2019,266
3471,12/27/2019,93
3472,04/15/2019,166
3473,02/14/2020,233
3474,08/17/2019,394
3475,07/14/2019,366
3476,11/12/2019,152
3477,12/15/2019,21
3478,10/19/2019,97
3479,10/04/2019,132
3480,03/13/2019,64
3481,07/20/2019,76
3482,12/30/2019,332
3483,05/12/2019,180
3484,05/13/2019,44
3485,09/05/2019,88
3486,03/16/2019,189
3487,09/15/2019,211
3488,06/25/2019,160
3489,11/27/2019,247
3490,11/09/2019,116
3491,09/01/2019,279
3492,06/02/2019,47
3493,10/18/2019,287
3494,02/14/2020,385
3495,11/13/2019,163
3496,09/26/2019,12
3497,06/16/2019,212
3498,06/06/2019,390
3499,11/06/2019,389
3500,06/07/2019,292
3501,01/12/2020,233
3502,03/09/2019,1
3503,05/11/2019,150
3504,11/16/2019,352
3505,10/17/2019,387
3506,08/05/2019,392
3507,11/27/2019,13
3508,07/13/2019,172
3509,07/28/2019,221
3510,01/05/2020,65
3511,11/01/2019,18
3512,01/08/2020,143
3513,08/29/2019,47
3514,03/10/2019,83
3515,11/06/2019,120
3516,04/18/2019,73
3517,07/22/2019,155
3518,11/18/2019,213
3519,06/06/2019,37
3520,12/16/2019,197
3521,01/28/2020,337
3522,11/14/2019,373
3523,10/24/2019,166
3524,09/29/2019,381
3525,07/28/2019,34
3526,09/11/2019,128
3527,03/11/2019,40
3528,12/13/2019,281
3529,08/11/2019,221
3530,10/08/2019,364
3531,05/28/2019,178
3532,07/23/2019,190
3533,09/18/2019,324
3534,07/21/2019,291
3535,07/30/2019,164
3536,10/24/2019,88
3537,03/06/2019,154
3538,09/10/2019,240
3539,08/25/2019,162
3540,05/25/2019,78
3541,04/22/2019,104
3542,12/18/2019,92
3543,12/12/2019,3
3544,04/29/2019,305
3545,01/07/2020,373
3546,06/13/2019,155
3547,06/20/2019,267
3548,12/27/2019,381
3549,12/11/2019,156
3550,10/08/2019,326
3551,07/21/2019,340
3552,07/25/2019,166
3553,06/07/2019,368
3554,05/20/2019,338
3555,11/14/2019,130
3556,02/07/2020,35
3557,05/24/2019,377
3558,12/23/2019,69
3559,04/23/2019,181
3560,07/14/2019,397
3561,04/10/2019,9
3562,09/22/2019,83
3563,10/04/2019,247
3564,08/23/2019,363
3565,02/26/2019,7
3566,08/30/2019,164
3567,07/20/2019,356
3568,08/14/2019,230
3569,10/24/2019,374
3570,04/06/2019,149
3571,10/10/2019,31
3572,04/12/2019,206
3573,06/11/2019,319
3574,04/17/2019,59
3575,05/21/2019,254
3576,05/22/2019,199
3577,04/06/2019,194
3578,03/15/2019,192
3579,03/09/2019,3
3580,06/23/2019,31
3581,02/09/2020,25
3582,08/12/2019,191
3583,10/22/2019,376
3584,12/20/2019,117
3585,03/17/2019,150
3586,03/12/2019,181
3587,07/30/2019,78
3588,05/26/2019,32
3589,05/03/2019,113
3590,12/24/2019,59
3591,02/05/2020,238
3592,12/03/2019,206
3593,05/07/2019,149
3594,12/09/2019,202
3595,08/22/2019,26
3596,05/22/2019,241
3597,01/18/2020,83
3598,09/14/2019,59
3599,09/22/2019,94
3600,08/23/2019,165
3601,02/14/2020,82
3602,07/05/2019,11
3603,07/28/2019,372
3604,09/15/2019,61
3605,09/24/2019,396
3606,12/30/2019,293
3607,11/09/2019,258
3608,04/20/2019,318
3609,05/06/2019,26
3610,05/11/2019,260
3611,01/21/2020,180
3612,02/19/2020,66
3613,03/22/2019,274
3614,11/21/2019,179
3615,02/28/2019,45
3616,05/27/2019,117
3617,02/25/2019,203
3618,10/04/2019,331
3619,11/21/2019,256
3620,10/08/2019,180
3621,08/17/2019,239
3622,04/17/2019,212
3623,10/09/2019,346
3624,05/28/2019,299
3625,01/12/2020,179
3626,09/09/2019,23
3627,12/17/2019,278
3628,04/10/2019,387
3629,10/22/2019,152
3630,02/10/2020,188
3631,08/06/2019,75
3632,08/02/2019,131
3633,06/15/2019,240
3634,05/25/2019,327
3635,06/01/2019,275
3636,08/19/2019,246
3637,11/04/2019,289
3638,04/15/2019,35
3639,07/22/2019,138
3640,02/15/2020,27
3641,02/08/2020,153
3642,07/23/2019,255
3643,02/05/2020,28
3644,09/04/2019,277
3645,03/06/2019,380
3646,07/10/2019,228
3647,04/29/2019,161
3648,10/20/2019,195
3649,09/03/2019,12
3650,08/22/2019,257
3651,01/01/2020,45
3652,12/12/2019,24
3653,07/11/2019,204
3654,03/03/2019,209
3655,11/19/2019,6
3656,11/07/2019,256
3657,09/02/2019,44
3658,11/15/2019,259
3659,01/25/2020,149
3660,05/03/2019,258
3661,11/27/2019,150
3662,06/16/2019,381
3663,07/07/2019,274
3664,12/06/2019,224
3665,08/09/2019,310
3666,04/05/2019,309
3667,08/25/2019,14
3668,11/14/2019,167
3669,02/23/2019,364
3670,09/13/2019,69
3671,11/03/2019,15
3672,10/28/2019,186
3673,12/02/2019,344
3674,05/26/2019,353
3675,11/03/2019,55
3676,06/05/2019,178
3677,03/31/2019,50
3678,09/12/2019,369
3679,08/27/2019,175
3680,09/29/2019,262
3681,10/03/2019,362
3682,07/01/2019,206
3683,11/04/2019,28
3684,10/28/2019,66
3685,04/29/2019,333
3686,11/24/2019,333
3687,05/16/2019,284
3688,04/04/2019,340
3689,09/27/2019,335
3690,06/29/2019,206
3691,08/11/2019,95
3692,01/10/2020,342
3693,10/01/2019,262
3694,02/08/2020,16
3695,11/15/2019,256
3696,01/31/2020,301
3697,02/07/2020,206
3698,06/26/2019,334
3699,07/31/2019,257
3700,01/06/2020,199
3701,09/16/2019,125
3702,10/24/2019,196
3703,02/24/2019,127
3704,06/27/2019,64
3705,01/19/2020,203
3706,09/02/2019,52
3707,07/05/2019,377
3708,05/24/2019,62
3709,04/14/2019,190
3710,09/24/2019,43
3711,07/28/2019,83
3712,09/21/2019,99
3713,06/09/2019,97
3714,06/26/2019,301
3715,04/15/2019,363
3716,08/18/2019,335
3717,06/04/2019,312
3718,05/13/2019,271
3719,02/11/2020,212
3720,09/29/2019,377
3721,07/10/2019,300
3722,11/09/2019,133
3723,05/22/2019,46
3724,10/08/2019,153
3725,11/01/2019,343
3726,03/03/2019,336
3727,04/25/2019,170
3728,06/22/2019,292
3729,05/02/2019,162
3730,01/08/2020,364
3731,12/15/2019,238
3732,05/25/2019,49
3733,06/24/2019,123
3734,07/06/2019,21
3735,04/14/2019,260
3736,06/06/2019,342
3737,09/15/2019,254
3738,02/10/2020,339
3739,12/10/2019,38
3740,07/07/2019,162
3741,08/23/2019,45
3742,07/15/2019,150
3743,04/26/2019,243
3744,03/21/2019,212
3745,08/28/2019,303
3746,08/30/2019,237
3747,08/16/2019,132
3748,11/11/2019,396
3749,08/24/2019,188
3750,03/18/2019,138
3751,08/21/2019,397
3752,05/09/2019,197
3753,01/03/2020,218
3754,10/12/2019,48
3755,06/06/2019,264
3756,06/15/2019,19
3757,01/16/2020,298
3758,05/21/2019,381
3759,12/31/2019,306
3760,03/04/2019,217
3761,04/20/2019,388
3762,01/12/2020,134
3763,10/11/2019,343
3764,07/24/2019,387
3765,11/02/2019,286
3766,02/24/2019,62
3767,10/30/2019,4
3768,11/22/2019,261
3769,05/11/2019,146
3770,10/26/2019,272
3771,03/11/2019,283
3772,05/06/2019,224
3773,04/03/2019,111
3774,01/02/2020,337
3775,02/09/2020,349
3776,08/01/2019,195
3777,02/07/2020,53
3778,12/01/2019,398
3779,06/11/2019,113
3780,11/10/2019,360
3781,08/20/2019,120
3782,07/23/2019,291
3783,10/05/2019,254
3784,11/23/2019,297
3785,08/20/2019,380
3786,04/29/2019,87
3787,02/28/2019,69
3788,08/21/2019,113
3789,04/25/2019,128
3790,07/24/2019,107
3791,07/03/2019,264
3792,03/07/2019,351
3793,05/21/2019,192
3794,07/27/2019,311
3795,07/10/2019,59
3796,11/11/2019,99
3797,04/17/2019,389
3798,11/09/2019,230
3799,11/25/2019,220
3800,10/16/2019,284
3801,04/23/2019,314
3802,06/27/2019,388
3803,11/29/2019,75
3804,07/26/2019,21
3805,02/09/2020,188
3806,09/06/2019,321
3807,06/05/2019,95
3808,08/07/2019,68
3809,10/21/2019,177
3810,12/03/2019,294
3811,04/27/2019,285
3812,01/17/2020,115
3813,10/22/2019,171
3814,11/20/2019,140
3815,09/06/2019,283
3816,06/23/2019,142
3817,11/17/2019,240
3818,03/12/2019,90
3819,12/21/2019,361
3820,07/13/2019,144
3821,06/29/2019,249
3822,09/02/2019,268
3823,04/30/2019,251
3824,01/23/2020,56
3825,12/30/2019,374
3826,09/29/2019,385
3827,05/12/2019,275
3828,09/24/2019,175
3829,04/15/2019,175
3830,04/19/2019,335
3831,02/22/2019,156
3832,04/03/2019,311
3833,02/24/2019,250
3834,03/03/2019,263
3835,10/28/2019,214
3836,02/06/2020,397
3837,05/10/2019,313
3838,04/28/2019,14
3839,07/30/2019,11
3840,05/02/2019,28
3841,07/22/2019,47
3842,01/24/2020,386
3843,03/23/2019,25
3844,11/23/2019,119
3845,05/23/2019,272
3846,05/19/2019,183
3847,03/25/2019,235
3848,09/27/2019,181
3849,11/15/2019,212
3850,03/07/2019,327
3851,12/21/2019,372
3852,10/25/2019,369
3853,11/23/2019,150
3854,03/10/2019,395
3855,12/07/2019,155
3856,01/20/2020,88
3857,11/26/2019,308
3858,06/26/2019,14
3859,03/29/2019,306
3860,09/17/2019,353
3861,06/15/2019,19
3862,11/09/2019,110
3863,11/13/2019,296
3864,05/10/2019,171
3865,10/11/2019,115
3866,10/06/2019,222
3867,03/04/2019,201
3868,05/28/2019,94
3869,01/03/2020,49
3870,07/14/2019,154
3871,10/30/2019,223
3872,11/16/2019,144
3873,09/11/2019,372
3874,04/01/2019,196
3875,11/12/2019,86
3876,07/09/2019,296
3877,12/13/2019,371
3878,02/17/2020,267
3879,02/09/2020,392
3880,03/01/2019,319
3881,07/27/2019,36
3882,09/12/2019,285
3883,07/14/2019,356
3884,02/20/2019,264
3885,12/30/2019,279
3886,03/07/2019,220
3887,08/29/2019,125
3888,03/26/2019,16
3889,06/17/2019,136
3890,07/17/2019,98
3891,06/03/2019,283
3892,09/15/2019,376
3893,11/22/2019,137
3894,08/12/2019,260
3895,10/13/2019,24
3896,01/25/2020,352
3897,10/07/2019,283
3898,04/28/2019,155
3899,07/18/2019,95
3900,09/18/2019,363
3901,01/11/2020,281
3902,10/07/2019,71
3903,05/09/2019,157
3904,12/02/2019,242
3905,10/07/2019,288
3906,11/25/2019,163
3907,09/01/2019,305
3908,11/24/2019,11
3909,11/15/2019,21
3910,07/23/2019,16
3911,08/19/2019,104
3912,02/11/2020,62
3913,05/15/2019,360
3914,08/09/2019,321
3915,10/04/2019,342
3916,07/15/2019,170
3917,04/16/2019,196
3918,12/01/2019,348
3919,07/07/2019,84
3920,08/12/2019,72
3921,01/19/2020,168
3922,10/09/2019,127
3923,12/08/2019,127
3924,06/24/2019,218
3925,08/01/2019,53
3926,03/07/2019,51
3927,12/13/2019,42
3928,05/22/2019,171
3929,09/14/2019,222
3930,06/24/2019,2
3931,06/29/2019,185
3932,06/12/2019,299
3933,04/12/2019,164
3934,07/07/2019,57
3935,11/05/2019,81
3936,05/05/2019,76
3937,12/11/2019,343
3938,07/01/2019,126
3939,03/21/2019,396
3940,01/20/2020,212
3941,07/14/2019,266
3942,02/20/2019,272
3943,02/03/2020,173
3944,10/10/2019,384
3945,03/10/2019,204
3946,03/01/2019,374
3947,12/03/2019,173
3948,11/21/2019,187
3949,01/14/2020,270
3950,10/21/2019,343
3951,09/09/2019,19
3952,06/19/2019,301
3953,08/09/2019,355
3954,12/16/2019,116
3955,06/15/2019,255
3956,07/20/2019,243
3957,07/24/2019,252
3958,12/19/2019,321
3959,03/25/2019,72
3960,05/20/2019,249
3961,12/17/2019,109
3962,02/21/2019,219
3963,06/19/2019,186
3964,05/17/2019,215
3965,03/24/2019,226
3966,12/08/2019,99
3967,01/11/2020,260
3968,08/10/2019,256
3969,09/21/2019,101
3970,03/09/2019,173
3971,08/28/2019,86
3972,08/30/2019,232
3973,09/24/2019,303
3974,10/31/2019,209
3975,11/25/2019,88
3976,10/16/2019,70
3977,06/04/2019,236
3978,04/12/2019,329
3979,05/20/2019,237
3980,02/26/2019,109
3981,02/23/2019,380
3982,05/09/2019,134
3983,02/17/2020,284
3984,06/02/2019,6
3985,10/04/2019,226
3986,10/29/2019,3
3987,02/06/2020,189
3988,11/01/2019,118
3989,08/18/2019,362
3990,03/26/2019,296
3991,02/05/2020,114
3992,04/06/2019,263
3993,03/22/2019,270
3994,06/19/2019,220
3995,05/06/2019,110
3996,02/08/2020,75
3997,10/29/2019,250
3998,02/12/2020,119
3999,08/06/2019,79
4000,08/03/2019,179
4001,09/13/2019,187
4002,02/17/2020,357
4003,08/18/2019,100
4004,12/16/2019,102
4005,05/29/2019,28
4006,05/02/2019,64
4007,08/18/2019,393
4008,09/28/2019,50
4009,09/15/2019,352
4010,03/17/2019,5
4011,07/19/2019,270
4012,12/28/2019,392
4013,10/08/2019,124
4014,02/03/2020,121
4015,06/10/2019,315
4016,02/05/2020,69
4017,02/02/2020,3
4018,12/06/2019,12
4019,04/13/2019,350
4020,06/09/2019,27
4021,10/17/2019,217
4022,01/12/2020,243
4023,11/05/2019,71
4024,03/14/2019,149
4025,07/24/2019,107
4026,04/15/2019,304
4027,02/16/2020,380
4028,09/22/2019,211
4029,05/13/2019,158
4030,01/27/2020,377
4031,11/21/2019,223
4032,03/22/2019,281
4033,08/13/2019,62
4034,07/19/2019,81
4035,04/30/2019,400
4036,05/28/2019,23
4037,11/04/2019,328
4038,02/01/2020,83
4039,04/01/2019,211
4040,12/28/2019,178
4041,05/02/2019,3
4042,04/30/2019,282
4043,02/26/2019,266
4044,07/19/2019,382
4045,03/13/2019,124
4046,02/28/2019,365
4047,04/20/2019,35
4048,04/19/2019,16
4049,09/07/2019,60
4050,12/18/2019,22
4051,09/04/2019,165
4052,10/17/2019,270
4053,09/27/2019,309
4054,09/17/2019,175
4055,07/30/2019,252
4056,05/01/2019,144
4057,07/06/2019,376
4058,01/23/2020,319
4059,04/22/2019,228
4060,05/16/2019,3
4061,02/19/2020,25
4062,03/08/2019,64
4063,02/28/2019,24
4064,05/28/2019,80
4065,06/26/2019,39
4066,07/13/2019,342
4067,10/10/2019,333
4068,06/03/2019,186
4069,04/16/2019,96
4070,11/27/2019,83
4071,11/15/2019,340
4072,01/01/2020,360
4073,01/14/2020,166
4074,08/21/2019,290
4075,08/08/2019,195
4076,08/22/2019,265
4077,08/26/2019,267
4078,10/11/2019,365
4079,03/14/2019,20
4080,11/01/2019,171
4081,01/20/2020,220
4082,06/28/2019,103
4083,09/23/2019,393
4084,11/29/2019,158
4085,06/13/2019,172
4086,08/21/2019,192
4087,10/06/2019,364
4088,09/14/2019,351
4089,05/29/2019,258
4090,05/14/2019,69
4091,05/17/2019,44
4092,06/12/2019,136
4093,10/14/2019,332
4094,07/20/2019,10
4095,05/15/2019,248
4096,12/08/2019,328
4097,01/20/2020,227
4098,04/01/2019,272
4099,03/08/2019,393
4100,05/09/2019,337
4101,11/06/2019,75
4102,10/29/2019,54
4103,04/13/2019,215
4104,04/13/2019,151
4105,02/11/2020,299
4106,04/15/2019,235
4107,12/11/2019,396
4108,03/08/2019,279
4109,09/10/2019,381
4110,06/23/2019,54
4111,05/23/2019,133
4112,12/03/2019,50
4113,08/15/2019,2
4114,12/07/2019,346
4115,06/03/2019,352
4116,01/07/2020,223
4117,10/28/2019,30
4118,07/01/2019,197
4119,01/10/2020,358
4120,02/22/2019,301
4121,03/29/2019,387
4122,02/27/2019,136
4123,07/20/2019,198
4124,09/01/2019,222
4125,09/28/2019,92
4126,03/11/2019,334
4127,11/07/2019,206
4128,08/19/2019,54
4129,04/09/2019,69
4130,10/04/2019,272
4131,03/01/2019,326
4132,05/26/2019,362
4133,05/11/2019,334
4134,12/16/2019,5
4135,04/18/2019,41
4136,12/09/2019,278
4137,08/15/2019,294
4138,06/20/2019,249
4139,10/14/2019,242
4140,03/29/2019,111
4141,11/09/2019,348
4142,07/08/2019,375
4143,03/06/2019,289
4144,08/30/2019,47
4145,04/23/2019,225
4146,06/08/2019,15
4147,05/19/2019,332
4148,09/19/2019,270
4149,02/01/2020,104
4150,09/18/2019,42
4151,10/21/2019,343
4152,08/31/2019,218
4153,11/01/2019,112
4154,05/22/2019,89
4155,09/04/2019,7
4156,08/12/2019,154
4157,08/08/2019,12
4158,06/25/2019,203
4159,11/24/2019,357
4160,12/14/2019,64
4161,06/04/2019,246
4162,08/02/2019,375
4163,07/08/2019,132
4164,03/29/2019,246
4165,02/11/2020,55
4166,07/27/2019,323
4167,12/13/2019,319
4168,12/02/2019,98
4169,02/09/2020,370
4170,02/28/2019,150
4171,03/16/2019,40
4172,12/25/2019,375
4173,03/24/2019,272
4174,08/05/2019,26
4175,09/11/2019,208
4176,06/22/2019,86
4177,04/03/2019,257
4178,01/03/2020,199
4179,03/14/2019,208
4180,11/21/2019,117
4181,12/27/2019,288
4182,11/24/2019,324
4183,07/23/2019,158
4184,01/14/2020,236
4185,08/15/2019,80
4186,10/13/2019,214
4187,06/05/2019,60
4188,05/30/2019,76
4189,11/10/2019,200
4190,01/30/2020,306
4191,03/07/2019,304
4192,11/22/2019,183
4193,04/19/2019,360
4194,12/07/2019,95
4195,03/07/2019,231
4196,11/13/2019,272
4197,09/21/2019,183
4198,12/15/2019,135
4199,09/12/2019,354
4200,09/22/2019,101
4201,05/15/2019,185
4202,03/26/2019,109
4203,06/10/2019,52
4204,06/15/2019,277
4205,10/26/2019,388
4206,11/22/2019,6
4207,07/21/2019,351
4208,11/23/2019,262
4209,10/15/2019,280
4210,02/01/2020,278
4211,09/30/2019,234
4212,12/16/2019,2
4213,12/04/2019,393
4214,07/02/2019,36
4215,06/29/2019,332
4216,10/07/2019,306
4217,05/16/2019,96
4218,07/25/2019,124
4219,03/30/2019,43
4220,04/21/2019,214
4221,05/07/2019,379
4222,11/08/2019,28
4223,07/06/2019,332
4224,05/17/2019,351
4225,03/31/2019,309
4226,03/21/2019,111
4227,10/18/2019,225
4228,05/09/2019,146
4229,10/28/2019,41
4230,03/09/2019,336
4231,10/31/2019,359
4232,06/21/2019,141
4233,05/14/2019,208
4234,11/29/2019,249
4235,06/30/2019,237
4236,04/27/2019,192
4237,08/30/2019,147
4238,12/14/2019,251
4239,11/08/2019,302
4240,10/01/2019,229
4241,06/10/2019,349
4242,03/04/2019,289
4243,07/03/2019,26
4244,04/15/2019,191
4245,07/09/2019,237
4246,01/13/2020,40
4247,10/01/2019,136
4248,12/14/2019,262
4249,04/19/2019,26
4250,11/27/2019,166
4251,04/01/2019,239
4252,06/27/2019,178
4253,12/25/2019,307
4254,10/30/2019,336
4255,10/14/2019,57
4256,01/07/2020,370
4257,07/24/2019,42
4258,08/02/2019,353
4259,01/07/2020,20
4260,02/23/2019,134
4261,08/29/2019,161
4262,02/09/2020,216
4263,11/28/2019,117
4264,07/26/2019,147
4265,07/25/2019,151
4266,03/12/2019,62
4267,09/05/2019,242
4268,07/01/2019,284
4269,03/03/2019,257
4270,12/08/2019,191
4271,06/11/2019,121
4272,01/05/2020,14
4273,05/15/2019,110
4274,07/10/2019,128
4275,11/24/2019,259
4276,12/14/2019,153
4277,08/03/2019,330
4278,08/29/2019,337
4279,07/31/2019,73
4280,08/01/2019,113
4281,08/21/2019,208
4282,05/01/2019,344
4283,11/01/2019,124
4284,05/06/2019,258
4285,11/20/2019,177
4286,02/01/2020,274
4287,06/06/2019,257
4288,07/14/2019,91
4289,11/28/2019,319
4290,12/23/2019,213
4291,04/29/2019,166
4292,09/27/2019,250
4293,05/11/2019,372
4294,06/26/2019,190
4295,04/27/2019,328
4296,02/04/2020,340
4297,12/13/2019,216
4298,08/08/2019,47
4299,05/18/2019,115
4300,02/11/2020,374
4301,01/17/2020,381
4302,02/28/2019,1
4303,07/13/2019,89
4304,03/24/2019,64
4305,01/12/2020,89
4306,01/03/2020,13
4307,07/03/2019,148
4308,04/04/2019,378
4309,01/18/2020,221
4310,10/20/2019,77
4311,08/13/2019,282
4312,07/04/2019,171
4313,12/13/2019,234
4314,09/28/2019,296
4315,12/26/2019,356
4316,05/02/2019,263
4317,06/23/2019,36
4318,03/20/2019,212
4319,08/26/2019,257
4320,04/22/2019,145
4321,03/04/2019,84
4322,07/22/2019,28
4323,05/24/2019,227
4324,03/27/2019,237
4325,08/13/2019,199
4326,12/27/2019,164
4327,04/18/2019,75
4328,09/16/2019,1
4329,01/14/2020,165
4330,02/02/2020,308
4331,09/08/2019,100
4332,01/22/2020,384
4333,12/04/2019,68
4334,05/29/2019,145
4335,05/27/2019,315
4336,06/06/2019,21
4337,03/08/2019,280
4338,01/25/2020,295
4339,03/19/2019,192
4340,02/16/2020,14
4341,02/19/2020,138
4342,08/06/2019,259
4343,04/09/2019,22
4344,04/16/2019,98
4345,09/29/2019,337
4346,08/22/2019,28
4347,05/22/2019,289
4348,04/04/2019,128
4349,12/10/2019,235
4350,02/28/2019,6
4351,06/05/2019,85
4352,10/17/2019,101
4353,11/23/2019,189
4354,04/06/2019,328
4355,05/10/2019,284
4356,10/06/2019,380
4357,11/24/2019,336
4358,10/21/2019,234
4359,11/30/2019,47
4360,03/09/2019,232
4361,10/02/2019,105
4362,06/22/2019,242
4363,12/10/2019,126
4364,06/24/2019,48
4365,01/04/2020,75
4366,12/12/2019,376
4367,01/15/2020,195
4368,05/15/2019,1
4369,05/02/2019,383
4370,06/20/2019,380
4371,02/07/2020,281
4372,06/06/2019,276
4373,08/02/2019,299
4374,05/18/2019,130
4375,11/23/2019,226
4376,02/10/2020,334
4377,04/01/2019,219
4378,03/25/2019,170
4379,10/02/2019,64
4380,01/29/2020,258
4381,01/25/2020,363
4382,08/11/2019,228
4383,11/19/2019,219
4384,12/02/2019,353
4385,05/04/2019,294
4386,07/20/2019,244
4387,03/08/2019,387
4388,03/04/2019,191
4389,08/05/2019,184
4390,05/08/2019,340
4391,05/17/2019,380
4392,03/04/2019,211
4393,09/20/2019,195
4394,02/25/2019,75
4395,04/01/2019,360
4396,06/24/2019,369
4397,12/10/2019,32
4398,11/01/2019,268
4399,06/25/2019,141
4400,01/16/2020,68
4401,11/20/2019,316
4402,01/16/2020,94
4403,11/20/2019,291
4404,05/11/2019,273
4405,01/29/2020,104
4406,09/10/2019,36
4407,03/08/2019,388
4408,11/19/2019,292
4409,12/20/2019,378
4410,06/09/2019,300
4411,06/08/2019,31
4412,03/30/2019,293
4413,05/06/2019,64
4414,01/18/2020,131
4415,10/10/2019,49
4416,01/05/2020,223
4417,11/24/2019,198
4418,04/28/2019,345
4419,05/21/2019,245
4420,05/13/2019,252
4421,05/20/2019,357
4422,09/11/2019,166
4423,05/04/2019,214
4424,06/02/2019,400
4425,10/11/2019,389
4426,05/17/2019,173
4427,02/06/2020,200
4428,04/04/2019,363
4429,11/30/2019,310
4430,01/09/2020,123
4431,12/21/2019,59
4432,10/17/2019,393
4433,06/27/2019,38
4434,12/26/2019,283
4435,12/03/2019,230
4436,01/21/2020,60
4437,02/27/2019,99
4438,06/05/2019,17
4439,07/24/2019,90
4440,01/30/2020,265
4441,10/01/2019,143
4442,12/03/2019,94
4443,03/04/2019,105
4444,10/04/2019,356
4445,03/16/2019,345
4446,01/23/2020,320
4447,03/09/2019,69
4448,05/01/2019,348
4449,12/07/2019,41
4450,04/14/2019,261
4451,08/28/2019,268
4452,04/05/2019,241
4453,05/13/2019,48
4454,11/22/2019,109
4455,02/07/2020,86
4456,09/18/2019,54
4457,01/31/2020,330
4458,06/08/2019,244
4459,02/26/2019,236
4460,05/30/2019,94
4461,06/01/2019,108
4462,02/12/2020,207
4463,04/12/2019,327
4464,04/21/2019,309
4465,02/03/2020,197
4466,02/09/2020,210
4467,04/21/2019,68
4468,08/15/2019,59
4469,10/24/2019,267
4470,07/29/2019,315
4471,02/08/2020,33
4472,04/26/2019,286
4473,07/16/2019,47
4474,03/19/2019,395
4475,04/30/2019,181
4476,09/26/2019,329
4477,11/08/2019,24
4478,03/27/2019,3
4479,03/05/2019,187
4480,04/07/2019,156
4481,01/08/2020,89
4482,08/23/2019,397
4483,04/30/2019,21
4484,09/20/2019,222
4485,09/23/2019,308
4486,01/12/2020,256
4487,09/14/2019,271
4488,09/01/2019,137
4489,02/07/2020,182
4490,09/17/2019,352
4491,05/27/2019,79
4492,11/03/2019,118
4493,11/16/2019,54
4494,04/24/2019,306
4495,03/05/2019,376
4496,07/30/2019,188
4497,11/01/2019,258
4498,06/04/2019,52
4499,09/30/2019,272
4500,08/08/2019,227
4501,05/13/2019,289
4502,10/25/2019,238
4503,12/07/2019,249
4504,07/10/2019,159
4505,10/17/2019,287
4506,02/25/2019,350
4507,07/23/2019,157
4508,04/06/2019,231
4509,09/27/2019,287
4510,05/19/2019,106
4511,09/20/2019,86
4512,03/27/2019,77
4513,01/29/2020,313
4514,01/09/2020,364
4515,07/28/2019,184
4516,01/13/2020,185
4517,12/17/2019,325
4518,09/12/2019,199
4519,09/11/2019,16
4520,01/29/2020,390
4521,02/13/2020,1
4522,12/21/2019,163
4523,01/06/2020,270
4524,10/03/2019,9
4525,04/27/2019,209
4526,11/29/2019,6
4527,01/29/2020,68
4528,04/19/2019,248
4529,08/29/2019,53
4530,10/14/2019,36
4531,01/17/2020,245
4532,11/05/2019,79
4533,03/01/2019,17
4534,10/20/2019,310
4535,07/04/2019,327
4536,10/22/2019,279
4537,09/23/2019,239
4538,11/23/2019,224
4539,01/27/2020,151
4540,04/29/2019,136
4541,02/27/2019,129
4542,10/19/2019,293
4543,08/16/2019,99
4544,08/08/2019,331
4545,02/26/2019,52
4546,10/26/2019,317
4547,08/20/2019,168
4548,05/22/2019,376
4549,01/24/2020,87
4550,08/14/2019,101
4551,04/29/2019,15
4552,03/08/2019,63
4553,06/16/2019,316
4554,10/10/2019,177
4555,12/02/2019,347
4556,12/09/2019,13
4557,07/23/2019,147
4558,06/12/2019,336
4559,10/01/2019,349
4560,08/03/2019,54
4561,09/19/2019,76
4562,07/22/2019,346
4563,08/30/2019,303
4564,02/10/2020,43
4565,09/25/2019,185
4566,01/11/2020,172
4567,05/27/2019,140
4568,12/11/2019,163
4569,08/17/2019,342
4570,06/05/2019,123
4571,07/31/2019,276
4572,06/25/2019,132
4573,10/26/2019,232
4574,05/10/2019,268
4575,04/08/2019,273
4576,05/03/2019,139
4577,03/02/2019,29
4578,08/04/2019,300
4579,05/12/2019,190
4580,08/09/2019,396
4581,05/13/2019,294
4582,07/29/2019,377
4583,09/15/2019,231
4584,07/30/2019,42
4585,02/26/2019,253
4586,11/26/2019,172
4587,12/10/2019,61
4588,03/01/2019,148
4589,09/03/2019,49
4590,08/15/2019,295
4591,11/12/2019,248
4592,12/14/2019,21
4593,03/01/2019,196
4594,03/21/2019,121
4595,11/22/2019,125
4596,06/11/2019,117
4597,02/07/2020,250
4598,10/19/2019,253
4599,11/26/2019,123
4600,11/02/2019,43
4601,02/23/2019,297
4602,06/04/2019,204
4603,03/13/2019,184
4604,02/20/2019,11
4605,01/17/2020,101
4606,09/22/2019,246
4607,01/25/2020,168
4608,11/26/2019,261
4609,04/06/2019,267
4610,04/05/2019,95
4611,02/18/2020,362
4612,01/20/2020,332
4613,03/09/2019,168
4614,02/14/2020,47
4615,01/29/2020,27
4616,05/13/2019,32
4617,07/03/2019,104
4618,03/28/2019,98
4619,05/07/2019,250
4620,07/24/2019,14
4621,08/27/2019,375
4622,03/13/2019,329
4623,05/24/2019,217
4624,03/01/2019,200
4625,08/01/2019,236
4626,10/06/2019,35
4627,10/02/2019,253
4628,11/11/2019,266
4629,07/16/2019,96
4630,10/14/2019,380
4631,05/12/2019,84
4632,06/23/2019,345
4633,02/20/2019,318
4634,09/05/2019,162
4635,02/27/2019,226
4636,11/05/2019,258
4637,01/03/2020,6
4638,09/16/2019,188
4639,03/14/2019,129
4640,02/02/2020,83
4641,11/14/2019,274
4642,10/10/2019,274
4643,11/02/2019,332
4644,04/18/2019,261
4645,03/11/2019,177
4646,02/20/2019,384
4647,05/02/2019,302
4648,06/27/2019,213
4649,10/26/2019,3
4650,02/25/2019,171
4651,08/23/2019,386
4652,09/25/2019,165
4653,01/03/2020,394
4654,11/19/2019,232
4655,01/09/2020,368
4656,01/07/2020,314
4657,04/26/2019,247
4658,06/28/2019,100
4659,12/27/2019,204
4660,01/29/2020,185
4661,11/12/2019,12
4662,10/29/2019,76
4663,04/08/2019,345
4664,06/14/2019,376
4665,01/02/2020,383
4666,02/28/2019,117
4667,10/30/2019,93
4668,12/26/2019,238
4669,09/19/2019,76
4670,07/08/2019,263
4671,02/13/2020,275
4672,11/22/2019,173
4673,04/29/2019,147
4674,08/02/2019,30
4675,01/20/2020,315
4676,06/16/2019,68
4677,02/24/2019,49
4678,06/12/2019,83
4679,11/01/2019,24
4680,01/29/2020,12
4681,04/17/2019,164
4682,03/07/2019,24
4683,05/02/2019,290
4684,01/16/2020,136
4685,08/25/2019,365
4686,12/31/2019,185
4687,08/22/2019,381
4688,04/06/2019,83
4689,10/28/2019,229
4690,02/19/2020,103
4691,08/25/2019,42
4692,08/16/2019,370
4693,05/01/2019,40
4694,03/29/2019,139
4695,05/20/2019,27
4696,09/28/2019,192
4697,06/04/2019,77
4698,04/20/2019,219
4699,10/14/2019,162
4700,04/01/2019,286
4701,02/23/2019,269
4702,10/15/2019,5
4703,08/16/2019,8
4704,05/29/2019,216
4705,01/09/2020,61
4706,06/05/2019,11
4707,08/29/2019,295
4708,05/20/2019,328
4709,09/18/2019,155
4710,04/21/2019,146
4711,12/17/2019,283
4712,05/21/2019,290
4713,12/26/2019,41
4714,07/21/2019,338
4715,03/28/2019,345
4716,04/22/2019,333
4717,06/08/2019,17
4718,07/16/2019,179
4719,06/03/2019,239
4720,01/05/2020,16
4721,11/27/2019,37
4722,01/03/2020,56
4723,12/31/2019,90
4724,09/26/2019,8
4725,07/12/2019,134
4726,02/01/2020,262
4727,06/13/2019,224
4728,11/02/2019,168
4729,09/09/2019,208
4730,11/03/2019,37
4731,02/06/2020,333
4732,05/04/2019,182
4733,08/20/2019,197
4734,05/25/2019,99
4735,11/01/2019,400
4736,12/25/2019,390
4737,06/27/2019,373
4738,04/10/2019,359
4739,08/22/2019,137
4740,02/02/2020,362
4741,12/01/2019,339
4742,11/20/2019,319
4743,07/27/2019,65
4744,02/07/2020,338
4745,06/23/2019,39
4746,03/31/2019,398
4747,08/09/2019,149
4748,06/02/2019,323
4749,04/08/2019,255
4750,12/21/2019,262
4751,05/16/2019,370
4752,05/15/2019,157
4753,01/20/2020,348
4754,03/30/2019,100
4755,02/21/2019,215
4756,05/04/2019,158
4757,03/17/2019,109
4758,03/25/2019,369
4759,02/25/2019,35
4760,05/12/2019,10
4761,07/30/2019,343
4762,09/30/2019,323
4763,03/19/2019,66
4764,02/12/2020,235
4765,02/23/2019,12
4766,04/05/2019,182
4767,05/06/2019,258
4768,01/09/2020,336
4769,03/11/2019,165
4770,10/25/2019,148
4771,02/10/2020,35
4772,10/06/2019,78
4773,09/25/2019,319
4774,11/02/2019,395
4775,11/30/2019,174
4776,01/23/2020,277
4777,05/28/2019,264
4778,09/28/2019,234
4779,09/06/2019,101
4780,12/23/2019,227
4781,10/07/2019,19
4782,12/11/2019,389
4783,08/12/2019,204
4784,05/25/2019,321
4785,06/03/2019,96
4786,02/15/2020,399
4787,09/11/2019,386
4788,01/20/2020,109
4789,10/04/2019,271
4790,09/16/2019,62
4791,07/01/2019,62
4792,08/11/2019,349
4793,08/08/2019,307
4794,02/15/2020,99
4795,07/06/2019,137
4796,04/25/2019,348
4797,08/30/2019,331
4798,02/21/2019,227
4799,11/18/2019,124
4800,08/31/2019,268
4801,10/10/2019,345
4802,07/19/2019,366
4803,09/09/2019,258
4804,10/02/2019,130
4805,10/07/2019,223
4806,09/15/2019,342
4807,04/14/2019,49
4808,06/26/2019,309
4809,11/29/2019,97
4810,09/20/2019,4
4811,07/15/2019,326
4812,08/20/2019,318
4813,06/01/2019,88
4814,12/01/2019,359
4815,05/05/2019,97
4816,02/23/2019,236
4817,06/09/2019,219
4818,11/26/2019,34
4819,04/15/2019,69
4820,09/22/2019,7
4821,11/14/2019,163
4822,12/18/2019,116
4823,03/09/2019,36
4824,04/15/2019,301
4825,03/02/2019,243
4826,12/04/2019,33
4827,01/15/2020,141
4828,07/10/2019,63
4829,09/05/2019,8
4830,08/09/2019,368
4831,10/18/2019,125
4832,06/25/2019,163
4833,10/13/2019,145
4834,02/24/2019,59
4835,07/08/2019,360
4836,10/03/2019,82
4837,07/02/2019,175
4838,07/26/2019,269
4839,11/29/2019,220
4840,05/05/2019,223
4841,07/06/2019,62
4842,11/01/2019,258
4843,12/01/2019,134
4844,01/10/2020,318
4845,09/22/2019,179
4846,11/11/2019,37
4847,06/02/2019,32
4848,12/29/2019,397
4849,05/10/2019,118
4850,01/01/2020,332
4851,06/08/2019,174
4852,04/10/2019,116
4853,08/20/2019,271
4854,11/18/2019,287
4855,10/07/2019,68
4856,01/22/2020,88
4857,12/26/2019,123
4858,07/14/2019,184
4859,06/29/2019,173
4860,06/21/2019,16
4861,08/26/2019,325
4862,05/21/2019,392
4863,05/29/2019,146
4864,05/21/2019,87
4865,05/13/2019,327
4866,12/14/2019,210
4867,03/08/2019,294
4868,11/10/2019,37
4869,06/27/2019,266
4870,03/22/2019,183
4871,05/23/2019,143
4872,03/21/2019,65
4873,03/09/2019,288
4874,11/08/2019,248
4875,09/26/2019,32
4876,06/26/2019,319
4877,10/23/2019,345
4878,05/28/2019,220
4879,12/31/2019,393
4880,05/30/2019,263
4881,12/01/2019,343
4882,05/11/2019,66
4883,12/28/2019,195
4884,11/24/2019,84
4885,06/18/2019,171
4886,08/28/2019,18
4887,05/02/2019,101
4888,01/15/2020,374
4889,03/12/2019,249
4890,09/07/2019,276
4891,07/26/2019,242
4892,06/03/2019,340
4893,05/12/2019,343
4894,10/24/2019,221
4895,01/05/2020,131
4896,06/13/2019,247
4897,05/18/2019,125
4898,06/26/2019,63
4899,08/19/2019,306
4900,04/02/2019,131
4901,01/09/2020,257
4902,08/02/2019,38
4903,02/14/2020,161
4904,06/11/2019,338
4905,12/21/2019,368
4906,11/29/2019,299
4907,04/27/2019,166
4908,01/28/2020,124
4909,06/17/2019,116
4910,06/15/2019,357
4911,02/08/2020,50
4912,05/24/2019,315
4913,11/26/2019,225
4914,10/22/2019,132
4915,01/16/2020,391
4916,12/03/2019,67
4917,04/21/2019,181
4918,09/07/2019,386
4919,10/15/2019,383
4920,09/30/2019,189
4921,07/26/2019,232
4922,01/21/2020,5
4923,01/16/2020,244
4924,06/27/2019,191
4925,10/23/2019,225
4926,03/14/2019,196
4927,12/01/2019,377
4928,09/09/2019,391
4929,11/19/2019,162
4930,08/13/2019,99
4931,02/20/2019,124
4932,10/14/2019,375
4933,08/02/2019,322
4934,03/25/2019,210
4935,03/30/2019,379
4936,04/27/2019,212
4937,03/01/2019,340
4938,01/05/2020,347
4939,07/18/2019,372
4940,05/31/2019,188
4941,04/22/2019,190
4942,09/13/2019,238
4943,11/26/2019,126
4944,07/18/2019,267
4945,08/29/2019,217
4946,09/21/2019,81
4947,10/27/2019,355
4948,07/06/2019,158
4949,06/24/2019,108
4950,04/04/2019,370
4951,01/16/2020,152
4952,05/15/2019,144
4953,12/02/2019,262
4954,06/01/2019,123
4955,11/22/2019,222
4956,03/10/2019,136
4957,03/11/2019,120
4958,08/21/2019,42
4959,03/21/2019,170
4960,10/22/2019,302
4961,01/27/2020,271
4962,09/16/2019,292
4963,08/22/2019,304
4964,06/15/2019,244
4965,11/18/2019,277
4966,04/23/2019,130
4967,08/20/2019,138
4968,06/11/2019,43
4969,10/23/2019,197
4970,01/06/2020,228
4971,09/04/2019,274
4972,07/03/2019,40
4973,10/01/2019,280
4974,12/26/2019,384
4975,10/01/2019,141
4976,11/04/2019,383
4977,01/28/2020,283
4978,01/18/2020,53
4979,06/07/2019,257
4980,09/04/2019,332
4981,04/16/2019,218
4982,07/18/2019,191
4983,03/08/2019,371
4984,06/11/2019,363
4985,10/20/2019,146
4986,07/31/2019,70
4987,01/26/2020,36
4988,07/22/2019,339
4989,10/23/2019,286
4990,06/10/2019,303
4991,01/26/2020,8
4992,04/29/2019,173
4993,01/03/2020,172
4994,07/10/2019,89
4995,06/27/2019,15
4996,05/20/2019,67
4997,08/09/2019,245
4998,07/01/2019,74
4999,05/24/2019,344
5000,12/06/2019,271
5001,07/25/2019,94
5002,12/26/2019,169
5003,03/23/2019,294
5004,01/09/2020,399
5005,04/21/2019,367
5006,08/30/2019,93
5007,10/12/2019,167
5008,05/22/2019,126
5009,10/31/2019,11
5010,01/11/2020,375
5011,02/19/2020,150
5012,08/03/2019,221
5013,06/10/2019,139
5014,02/24/2019,29
5015,10/26/2019,266
5016,04/09/2019,285
5017,04/30/2019,297
5018,12/06/2019,130
5019,03/10/2019,104
5020,03/29/2019,203
5021,04/26/2019,85
5022,04/07/2019,200
5023,11/03/2019,189
5024,05/03/2019,392
5025,07/12/2019,111
5026,11/28/2019,362
5027,07/30/2019,36
5028,04/01/2019,43
5029,10/13/2019,318
5030,05/07/2019,36
5031,10/16/2019,361
5032,12/27/2019,31
5033,01/23/2020,372
5034,08/05/2019,41
5035,02/13/2020,46
5036,09/03/2019,272
5037,04/01/2019,67
5038,03/30/2019,212
5039,06/07/2019,18
5040,12/01/2019,67
5041,04/27/2019,77
5042,06/28/2019,161
5043,11/28/2019,370
5044,02/14/2020,326
5045,08/29/2019,360
5046,10/11/2019,253
5047,03/16/2019,51
5048,01/31/2020,40
5049,08/01/2019,38
5050,03/09/2019,348
5051,08/28/2019,215
5052,04/19/2019,348
5053,08/28/2019,210
5054,01/22/2020,379
5055,06/08/2019,210
5056,12/18/2019,165
5057,12/12/2019,321
5058,04/03/2019,254
5059,09/26/2019,388
5060,01/08/2020,378
5061,10/05/2019,392
5062,02/25/2019,162
5063,11/29/2019,176
5064,06/13/2019,274
5065,05/25/2019,27
5066,03/03/2019,32
5067,07/09/2019,107
5068,07/02/2019,84
5069,12/03/2019,16
5070,12/02/2019,75
5071,03/07/2019,132
5072,09/01/2019,319
5073,11/11/2019,78
5074,07/23/2019,109
5075,09/12/2019,244
5076,12/29/2019,181
5077,04/15/2019,399
5078,05/12/2019,318
5079,08/02/2019,313
5080,06/12/2019,109
5081,07/20/2019,34
5082,02/10/2020,33
5083,06/18/2019,135
5084,03/23/2019,354
5085,11/01/2019,162
5086,03/11/2019,320
5087,02/22/2019,298
5088,03/18/2019,217
5089,11/01/2019,121
5090,04/21/2019,116
5091,06/30/2019,353
5092,11/04/2019,9
5093,04/15/2019,138
5094,12/19/2019,177
5095,06/03/2019,349
5096,03/01/2019,284
5097,03/15/2019,290
5098,07/01/2019,320
5099,09/30/2019,395
5100,05/12/2019,346
5101,08/28/2019,2
5102,03/03/2019,152
5103,09/02/2019,380
5104,10/08/2019,20
5105,04/21/2019,325
5106,02/28/2019,266
5107,06/21/2019,215
5108,07/28/2019,295
5109,08/06/2019,350
5110,06/29/2019,98
5111,11/28/2019,20
5112,05/29/2019,327
5113,10/31/2019,11
5114,07/23/2019,185
5115,08/23/2019,195
5116,05/18/2019,285
5117,04/15/2019,394
5118,04/11/2019,141
5119,02/22/2019,34
5120,11/11/2019,205
5121,11/25/2019,43
5122,02/20/2019,98
5123,12/19/2019,176
5124,04/03/2019,174
5125,05/06/2019,320
5126,09/01/2019,313
5127,02/06/2020,371
5128,04/19/2019,213
5129,04/03/2019,27
5130,02/13/2020,233
5131,11/02/2019,67
5132,12/30/2019,60
5133,04/21/2019,198
5134,10/02/2019,327
5135,01/11/2020,319
5136,06/12/2019,28
5137,02/15/2020,146
5138,03/27/2019,359
5139,11/10/2019,62
5140,02/25/2019,138
5141,12/22/2019,286
5142,10/04/2019,81
5143,11/17/2019,76
5144,01/28/2020,394
5145,08/29/2019,196
5146,01/09/2020,197
5147,02/14/2020,232
5148,03/04/2019,229
5149,01/16/2020,117
5150,02/03/2020,232
5151,10/05/2019,309
5152,05/22/2019,345
5153,11/02/2019,23
5154,12/16/2019,318
5155,04/02/2019,27
5156,12/27/2019,223
5157,05/06/2019,94
5158,04/06/2019,24
5159,07/27/2019,213
5160,04/14/2019,172
5161,02/03/2020,373
5162,10/01/2019,221
5163,01/15/2020,232
5164,05/30/2019,354
5165,10/09/2019,85
5166,07/07/2019,251
5167,12/18/2019,155
5168,07/13/2019,192
5169,06/28/2019,69
5170,02/28/2019,111
5171,05/16/2019,42
5172,02/18/2020,157
5173,07/23/2019,364
5174,04/13/2019,335
5175,02/08/2020,53
5176,01/03/2020,146
5177,08/02/2019,153
5178,02/17/2020,178
5179,10/05/2019,187
5180,06/10/2019,146
5181,02/23/2019,91
5182,10/03/2019,176
5183,05/04/2019,93
5184,08/31/2019,272
5185,08/03/2019,11
5186,04/01/2019,239
5187,08/28/2019,103
5188,03/23/2019,301
5189,06/03/2019,301
5190,10/11/2019,70
5191,02/22/2019,111
5192,09/12/2019,163
5193,10/12/2019,233
5194,06/19/2019,158
5195,03/30/2019,48
5196,01/28/2020,253
5197,07/17/2019,39
5198,09/21/2019,66
5199,05/11/2019,146
5200,03/14/2019,165
5201,09/08/2019,46
5202,05/18/2019,281
5203,07/11/2019,10
5204,05/19/2019,20
5205,05/06/2019,80
5206,10/29/2019,23
5207,09/04/2019,321
5208,08/27/2019,143
5209,11/05/2019,212
5210,07/04/2019,274
5211,10/03/2019,239
5212,05/13/2019,362
5213,11/05/2019,32
5214,04/05/2019,61
5215,04/26/2019,155
5216,10/05/2019,11
5217,12/02/2019,52
5218,10/21/2019,33
5219,05/30/2019,72
5220,02/06/2020,339
5221,08/03/2019,282
5222,08/29/2019,45
5223,04/10/2019,6
5224,12/03/2019,190
5225,04/07/2019,282
5226,11/24/2019,196
5227,06/09/2019,211
5228,03/10/2019,140
5229,10/01/2019,17
5230,05/18/2019,173
5231,10/01/2019,267
5232,11/10/2019,365
5233,02/19/2020,303
5234,07/09/2019,213
5235,02/01/2020,164
5236,07/29/2019,383
5237,08/07/2019,199
5238,01/09/2020,98
5239,03/13/2019,202
5240,10/01/2019,51
5241,06/22/2019,390
5242,05/22/2019,116
5243,06/27/2019,24
5244,12/27/2019,110
5245,03/11/2019,334
5246,08/05/2019,263
5247,08/12/2019,274
5248,02/18/2020,90
5249,09/05/2019,183
5250,06/09/2019,120
5251,11/08/2019,283
5252,07/27/2019,283
5253,03/20/2019,24
5254,01/22/2020,93
5255,02/17/2020,19
5256,04/21/2019,280
5257,10/28/2019,157
5258,08/05/2019,258
5259,01/22/2020,172
5260,12/24/2019,357
5261,12/13/2019,123
5262,02/18/2020,30
5263,02/09/2020,90
5264,11/08/2019,8
5265,11/28/2019,123
5266,09/22/2019,125
5267,03/26/2019,46
5268,05/05/2019,52
5269,01/02/2020,130
5270,10/29/2019,192
5271,03/16/2019,376
5272,07/07/2019,106
5273,10/01/2019,341
5274,11/23/2019,49
5275,08/28/2019,369
5276,05/19/2019,142
5277,04/20/2019,296
5278,08/12/2019,171
5279,01/02/2020,312
5280,07/24/2019,334
5281,01/19/2020,240
5282,10/07/2019,117
5283,09/23/2019,14
5284,08/26/2019,117
5285,08/30/2019,235
5286,11/16/2019,153
5287,05/08/2019,107
5288,09/06/2019,61
5289,03/01/2019,11
5290,02/18/2020,68
5291,03/07/2019,310
5292,09/07/2019,290
5293,03/01/2019,293
5294,06/09/2019,181
5295,01/23/2020,358
5296,01/13/2020,345
5297,11/20/2019,277
5298,01/07/2020,176
5299,02/02/2020,334
5300,03/28/2019,29
5301,11/06/2019,138
5302,03/18/2019,211
5303,07/19/2019,194
5304,01/28/2020,47
5305,11/01/2019,31
5306,08/19/2019,140
5307,11/03/2019,47
5308,07/31/2019,61
5309,10/27/2019,222
5310,05/13/2019,275
5311,05/25/2019,349
5312,11/03/2019,281
5313,08/25/2019,55
5314,06/03/2019,113
5315,08/23/2019,24
5316,04/04/2019,307
5317,11/03/2019,154
5318,10/10/2019,395
5319,07/24/2019,370
5320,07/16/2019,38
5321,03/28/2019,7
5322,10/26/2019,362
5323,07/04/2019,391
5324,12/22/2019,189
5325,10/17/2019,336
5326,10/06/2019,274
5327,06/06/2019,214
5328,07/31/2019,177
5329,04/02/2019,157
5330,04/13/2019,369
5331,05/03/2019,269
5332,06/12/2019,350
5333,06/08/2019,77
5334,06/02/2019,41
5335,10/02/2019,144
5336,09/18/2019,28
5337,03/17/2019,133
5338,07/12/2019,141
5339,12/22/2019,183
5340,07/23/2019,314
5341,08/02/2019,327
5342,02/12/2020,4
5343,03/10/2019,101
5344,02/02/2020,170
5345,01/10/2020,303
5346,10/22/2019,163
5347,02/05/2020,87
5348,12/21/2019,277
5349,03/13/2019,99
5350,04/01/2019,251
5351,06/07/2019,36
5352,10/03/2019,286
5353,05/23/2019,310
5354,11/29/2019,329
5355,01/18/2020,126
5356,09/16/2019,337
5357,12/23/2019,244
5358,05/12/2019,94
5359,05/12/2019,14
5360,03/20/2019,43
5361,09/29/2019,286
5362,03/07/2019,289
5363,10/05/2019,373
5364,11/24/2019,338
5365,02/05/2020,314
5366,11/03/2019,38
5367,10/31/2019,301
5368,01/11/2020,374
5369,10/31/2019,319
5370,09/22/2019,389
5371,08/15/2019,70
5372,10/14/2019,85
5373,10/18/2019,29
5374,12/25/2019,152
5375,07/14/2019,300
5376,02/02/2020,123
5377,07/21/2019,343
5378,03/22/2019,135
5379,06/09/2019,227
5380,04/07/2019,132
5381,08/01/2019,317
5382,11/12/2019,180
5383,08/22/2019,120
5384,11/27/2019,304
5385,11/28/2019,63
5386,04/04/2019,174
5387,12/01/2019,88
5388,06/06/2019,208
5389,11/04/2019,264
5390,03/27/2019,259
5391,01/12/2020,187
5392,04/13/2019,217
5393,11/13/2019,205
5394,11/06/2019,24
5395,01/05/2020,326
5396,07/03/2019,299
5397,08/06/2019,155
5398,06/01/2019,348
5399,11/24/2019,210
5400,02/24/2019,281
5401,08/22/2019,281
5402,10/01/2019,133
5403,05/16/2019,337
5404,07/02/2019,93
5405,11/01/2019,106
5406,07/30/2019,272
5407,10/25/2019,66
5408,01/30/2020,232
5409,11/28/2019,252
5410,07/01/2019,330
5411,03/18/2019,237
5412,12/11/2019,282
5413,05/27/2019,104
5414,01/04/2020,262
5415,01/11/2020,22
5416,07/26/2019,16
5417,06/20/2019,184
5418,06/28/2019,266
5419,01/11/2020,98
5420,08/11/2019,47
5421,09/16/2019,239
5422,07/05/2019,249
5423,03/21/2019,141
5424,10/30/2019,253
5425,07/19/2019,232
5426,02/16/2020,319
5427,05/30/2019,185
5428,06/11/2019,350
5429,01/04/2020,272
5430,09/05/2019,232
5431,03/28/2019,285
5432,02/28/2019,273
5433,02/13/2020,63
5434,08/01/2019,48
5435,07/12/2019,78
5436,06/14/2019,245
5437,04/22/2019,70
5438,07/06/2019,373
5439,02/28/2019,85
5440,10/13/2019,42
5441,10/14/2019,343
5442,02/07/2020,178
5443,01/08/2020,381
5444,07/02/2019,38
5445,02/28/2019,236
5446,09/10/2019,182
5447,02/23/2019,75
5448,01/07/2020,323
5449,02/14/2020,165
5450,07/01/2019,65
5451,01/29/2020,348
5452,09/15/2019,140
5453,02/15/2020,236
5454,03/22/2019,245
5455,12/08/2019,386
5456,08/07/2019,259
5457,01/18/2020,269
5458,11/15/2019,71
5459,01/08/2020,267
5460,02/21/2019,317
5461,01/10/2020,318
5462,12/29/2019,394
5463,08/11/2019,2
5464,03/29/2019,399
5465,10/20/2019,90
5466,02/07/2020,325
5467,07/20/2019,213
5468,06/05/2019,152
5469,06/22/2019,350
5470,04/29/2019,396
5471,10/21/2019,241
5472,12/09/2019,31
5473,01/27/2020,5
5474,06/18/2019,240
5475,05/26/2019,194
5476,09/27/2019,374
5477,02/07/2020,165
5478,12/17/2019,327
5479,03/10/2019,68
5480,05/14/2019,160
5481,03/03/2019,35
5482,03/04/2019,77
5483,06/09/2019,400
5484,11/03/2019,58
5485,08/02/2019,331
5486,04/05/2019,329
5487,04/24/2019,143
5488,04/07/2019,142
5489,10/21/2019,231
5490,06/10/2019,300
5491,10/05/2019,82
5492,05/27/2019,280
5493,05/03/2019,177
5494,12/01/2019,236
5495,12/20/2019,361
5496,03/08/2019,144
5497,03/30/2019,56
5498,05/02/2019,61
5499,04/03/2019,295
5500,07/16/2019,370
5501,08/26/2019,279
5502,05/05/2019,126
5503,11/29/2019,207
5504,08/02/2019,388
5505,08/25/2019,319
5506,04/10/2019,248
5507,09/25/2019,85
5508,12/19/2019,326
5509,04/07/2019,356
5510,01/05/2020,255
5511,04/25/2019,226
5512,06/05/2019,214
5513,02/26/2019,40
5514,03/09/2019,317
5515,02/11/2020,54
5516,01/12/2020,49
5517,03/02/2019,97
5518,06/02/2019,60
5519,06/15/2019,315
5520,05/31/2019,389
5521,12/09/2019,187
5522,11/03/2019,3
5523,02/06/2020,146
5524,06/12/2019,38
5525,05/26/2019,160
5526,12/10/2019,97
5527,01/26/2020,25
5528,08/02/2019,322
5529,03/11/2019,165
5530,02/17/2020,232
5531,12/06/2019,377
5532,02/24/2019,374
5533,04/16/2019,364
5534,01/07/2020,188
5535,01/10/2020,240
5536,04/12/2019,22
5537,09/03/2019,226
5538,02/07/2020,189
5539,06/08/2019,49
5540,05/29/2019,143
5541,07/30/2019,255
5542,02/22/2019,92
5543,01/29/2020,157
5544,03/26/2019,200
5545,11/05/2019,354
5546,12/19/2019,195
5547,01/13/2020,139
5548,12/23/2019,206
5549,07/20/2019,386
5550,07/05/2019,249
5551,05/12/2019,226
5552,05/02/2019,58
5553,04/29/2019,262
5554,03/01/2019,242
5555,02/06/2020,29
5556,08/06/2019,373
5557,10/02/2019,189
5558,05/10/2019,209
5559,05/13/2019,50
5560,10/12/2019,232
5561,07/29/2019,43
5562,10/23/2019,83
5563,09/09/2019,1
5564,05/03/2019,220
5565,05/24/2019,116
5566,08/27/2019,243
5567,02/08/2020,98
5568,04/18/2019,287
5569,02/22/2019,102
5570,06/09/2019,323
5571,11/20/2019,366
5572,04/17/2019,250
5573,03/19/2019,108
5574,09/10/2019,380
5575,08/15/2019,99
5576,10/06/2019,325
5577,04/01/2019,279
5578,12/31/2019,246
5579,02/07/2020,76
5580,11/20/2019,19
5581,09/15/2019,69
5582,07/05/2019,281
5583,12/26/2019,138
5584,03/02/2019,178
5585,03/14/2019,246
5586,07/02/2019,13
5587,11/10/2019,314
5588,01/04/2020,100
5589,03/21/2019,357
5590,03/17/2019,251
5591,12/21/2019,183
5592,04/26/2019,146
5593,12/18/2019,248
5594,08/16/2019,155
5595,10/29/2019,308
5596,09/13/2019,117
5597,10/30/2019,300
5598,08/29/2019,184
5599,11/18/2019,311
5600,07/25/2019,40
5601,05/15/2019,7
5602,08/14/2019,196
5603,03/06/2019,95
5604,08/08/2019,43
5605,01/12/2020,115
5606,11/07/2019,126
5607,07/24/2019,54
5608,10/06/2019,378
5609,07/28/2019,321
5610,05/13/2019,280
5611,07/15/2019,333
5612,01/12/2020,117
5613,09/22/2019,119
5614,02/04/2020,201
5615,11/20/2019,203
5616,10/18/2019,372
5617,12/28/2019,309
5618,09/06/2019,124
5619,07/18/2019,237
5620,08/12/2019,274
5621,11/09/2019,62
5622,09/15/2019,69
5623,06/29/2019,33
5624,03/04/2019,294
5625,11/03/2019,254
5626,11/25/2019,292
5627,07/30/2019,325
5628,09/15/2019,283
5629,06/09/2019,303
5630,11/10/2019,394
5631,08/16/2019,172
5632,11/30/2019,328
5633,04/10/2019,231
5634,10/13/2019,234
5635,07/13/2019,192
5636,03/23/2019,99
5637,03/06/2019,201
5638,02/19/2020,302
5639,12/01/2019,186
5640,08/24/2019,292
5641,06/09/2019,262
5642,08/09/2019,7
5643,10/16/2019,123
5644,12/10/2019,69
5645,11/08/2019,105
5646,01/13/2020,206
5647,05/27/2019,115
5648,07/23/2019,65
5649,11/24/2019,281
5650,04/23/2019,297
5651,06/12/2019,86
5652,07/28/2019,319
5653,06/28/2019,135
5654,11/07/2019,194
5655,03/27/2019,226
5656,12/19/2019,349
5657,03/20/2019,337
5658,06/05/2019,176
5659,12/08/2019,137
5660,04/10/2019,366
5661,06/25/2019,396
5662,08/11/2019,384
5663,05/20/2019,62
5664,12/01/2019,136
5665,05/13/2019,314
5666,02/22/2019,315
5667,09/10/2019,160
5668,01/08/2020,334
5669,10/04/2019,139
5670,01/29/2020,298
5671,09/17/2019,83
5672,12/20/2019,286
5673,09/05/2019,12
5674,07/14/2019,1
5675,11/02/2019,18
5676,05/02/2019,377
5677,05/13/2019,273
5678,01/06/2020,147
5679,03/23/2019,183
5680,09/23/2019,249
5681,08/27/2019,166
5682,12/20/2019,187
5683,03/11/2019,366
5684,10/06/2019,228
5685,12/08/2019,131
5686,03/08/2019,120
5687,09/25/2019,275
5688,09/05/2019,372
5689,05/21/2019,396
5690,06/30/2019,191
5691,03/06/2019,72
5692,06/10/2019,28
5693,08/29/2019,228
5694,04/22/2019,364
5695,01/13/2020,2
5696,12/31/2019,97
5697,04/18/2019,226
5698,04/14/2019,62
5699,11/02/2019,395
5700,11/11/2019,327
5701,12/01/2019,202
5702,08/08/2019,385
5703,03/03/2019,317
5704,11/30/2019,23
5705,08/12/2019,174
5706,04/22/2019,396
5707,07/04/2019,151
5708,07/15/2019,121
5709,06/09/2019,151
5710,11/06/2019,108
5711,05/09/2019,327
5712,05/11/2019,373
5713,11/24/2019,293
5714,06/09/2019,98
5715,11/05/2019,70
5716,07/03/2019,54
5717,01/29/2020,280
5718,07/03/2019,215
5719,11/16/2019,119
5720,03/28/2019,360
5721,05/26/2019,313
5722,06/04/2019,344
5723,07/07/2019,287
5724,04/02/2019,368
5725,08/02/2019,39
5726,10/01/2019,278
5727,02/13/2020,292
5728,02/10/2020,36
5729,02/07/2020,4
5730,11/30/2019,197
5731,04/15/2019,173
5732,11/22/2019,179
5733,03/12/2019,256
5734,02/19/2020,144
5735,04/29/2019,25
5736,02/08/2020,32
5737,11/22/2019,241
5738,10/25/2019,15
5739,06/06/2019,337
5740,07/02/2019,167
5741,06/20/2019,374
5742,07/18/2019,29
5743,12/07/2019,263
5744,05/25/2019,170
5745,01/25/2020,25
5746,06/30/2019,35
5747,01/08/2020,65
5748,09/26/2019,11
5749,01/24/2020,2
5750,09/17/2019,383
5751,05/16/2019,81
5752,07/20/2019,83
5753,05/04/2019,309
5754,01/21/2020,212
5755,11/20/2019,367
5756,06/21/2019,380
5757,04/11/2019,191
5758,07/30/2019,171
5759,02/15/2020,100
5760,06/24/2019,58
5761,09/06/2019,380
5762,03/13/2019,289
5763,01/27/2020,313
5764,05/03/2019,207
5765,09/20/2019,379
5766,03/05/2019,4
5767,04/11/2019,364
5768,04/17/2019,375
5769,03/18/2019,210
5770,02/06/2020,178
5771,02/15/2020,197
5772,01/07/2020,262
5773,04/26/2019,138
5774,04/28/2019,103
5775,07/13/2019,234
5776,03/01/2019,294
5777,11/28/2019,16
5778,03/15/2019,305
5779,06/30/2019,95
5780,01/01/2020,246
5781,12/04/2019,37
5782,10/03/2019,338
5783,10/19/2019,169
5784,09/17/2019,254
5785,03/04/2019,26
5786,03/12/2019,78
5787,08/30/2019,277
5788,09/12/2019,64
5789,05/03/2019,220
5790,08/28/2019,370
5791,10/25/2019,206
5792,12/11/2019,371
5793,07/14/2019,151
5794,02/06/2020,276
5795,01/29/2020,340
5796,08/07/2019,136
5797,04/03/2019,91
5798,03/22/2019,309
5799,06/16/2019,384
5800,08/28/2019,193
5801,08/05/2019,280
5802,04/18/2019,78
5803,11/08/2019,162
5804,01/10/2020,71
5805,10/02/2019,224
5806,04/20/2019,195
5807,05/13/2019,212
5808,03/29/2019,114
5809,02/15/2020,65
5810,01/24/2020,267
5811,06/11/2019,139
5812,10/10/2019,13
5813,08/30/2019,87
5814,09/05/2019,95
5815,07/27/2019,64
5816,01/30/2020,46
5817,08/27/2019,195
5818,08/23/2019,59
5819,01/08/2020,355
5820,10/15/2019,174
5821,04/03/2019,26
5822,04/10/2019,30
5823,05/11/2019,385
5824,08/20/2019,103
5825,04/11/2019,18
5826,06/20/2019,273
5827,04/05/2019,95
5828,06/27/2019,228
5829,07/16/2019,204
5830,03/26/2019,263
5831,07/24/2019,319
5832,06/04/2019,100
5833,10/23/2019,110
5834,05/04/2019,265
5835,10/09/2019,65
5836,06/03/2019,250
5837,12/27/2019,86
5838,01/05/2020,171
5839,03/08/2019,151
5840,03/06/2019,185
5841,08/01/2019,64
5842,07/06/2019,129
5843,08/27/2019,246
5844,02/04/2020,116
5845,07/05/2019,175
5846,10/11/2019,54
5847,05/30/2019,164
5848,03/24/2019,8
5849,12/06/2019,342
5850,06/08/2019,121
5851,10/16/2019,384
5852,04/23/2019,91
5853,07/22/2019,145
5854,09/05/2019,378
5855,11/15/2019,6
5856,08/08/2019,273
5857,02/27/2019,50
5858,08/28/2019,336
5859,02/02/2020,69
5860,08/08/2019,352
5861,03/17/2019,101
5862,10/09/2019,381
5863,08/10/2019,222
5864,08/09/2019,338
5865,07/11/2019,98
5866,11/28/2019,186
5867,01/12/2020,183
5868,04/02/2019,369
5869,11/19/2019,41
5870,01/26/2020,95
5871,11/23/2019,188
5872,07/22/2019,240
5873,11/26/2019,285
5874,09/15/2019,367
5875,07/19/2019,59
5876,09/01/2019,85
5877,01/14/2020,92
5878,05/20/2019,58
5879,09/01/2019,264
5880,10/25/2019,155
5881,01/30/2020,267
5882,01/21/2020,194
5883,11/02/2019,114
5884,08/20/2019,207
5885,02/08/2020,13
5886,01/12/2020,58
5887,12/19/2019,101
5888,10/10/2019,66
5889,05/18/2019,8
5890,04/21/2019,264
5891,12/02/2019,279
5892,04/29/2019,27
5893,06/24/2019,235
5894,12/02/2019,75
5895,12/20/2019,206
5896,02/17/2020,316
5897,04/27/2019,278
5898,07/20/2019,299
5899,12/13/2019,249
5900,07/03/2019,370
5901,04/30/2019,395
5902,08/16/2019,334
5903,08/07/2019,8
5904,02/03/2020,156
5905,04/02/2019,78
5906,01/04/2020,320
5907,02/03/2020,152
5908,11/18/2019,360
5909,04/19/2019,385
5910,02/13/2020,230
5911,06/07/2019,376
5912,12/09/2019,113
5913,09/22/2019,144
5914,04/12/2019,364
5915,03/18/2019,279
5916,12/20/2019,358
5917,12/01/2019,388
5918,03/29/2019,314
5919,02/21/2019,29
5920,09/07/2019,245
5921,12/02/2019,47
5922,02/08/2020,356
5923,11/28/2019,251
5924,08/10/2019,152
5925,10/11/2019,344
5926,03/12/2019,219
5927,10/19/2019,400
5928,12/30/2019,292
5929,02/17/2020,141
5930,02/06/2020,310
5931,09/07/2019,400
5932,09/10/2019,91
5933,03/31/2019,278
5934,11/28/2019,166
5935,10/28/2019,336
5936,02/26/2019,152
5937,05/21/2019,23
5938,07/20/2019,389
5939,09/13/2019,24
5940,12/12/2019,153
5941,05/15/2019,94
5942,05/12/2019,54
5943,11/03/2019,203
5944,05/31/2019,281
5945,10/18/2019,389
5946,01/02/2020,25
5947,02/13/2020,131
5948,06/11/2019,107
5949,10/07/2019,355
5950,10/04/2019,46
5951,10/18/2019,349
5952,03/26/2019,190
5953,04/09/2019,371
5954,06/06/2019,224
5955,11/15/2019,86
5956,08/11/2019,257
5957,02/12/2020,21
5958,04/13/2019,22
5959,01/13/2020,153
5960,06/02/2019,4
5961,10/12/2019,277
5962,10/24/2019,302
5963,04/13/2019,400
5964,06/18/2019,68
5965,09/23/2019,14
5966,12/23/2019,15
5967,08/09/2019,346
5968,03/27/2019,229
5969,04/22/2019,347
5970,08/19/2019,222
5971,12/22/2019,63
5972,06/26/2019,181
5973,11/10/2019,386
5974,06/12/2019,348
5975,07/17/2019,367
5976,03/13/2019,65
5977,09/15/2019,29
5978,12/21/2019,210
5979,05/12/2019,92
5980,07/17/2019,223
5981,12/11/2019,205
5982,10/28/2019,140
5983,09/06/2019,160
5984,05/12/2019,284
5985,04/26/2019,333
5986,03/12/2019,136
5987,10/29/2019,31
5988,11/27/2019,246
5989,12/27/2019,373
5990,03/20/2019,234
5991,10/22/2019,205
5992,01/28/2020,328
5993,09/17/2019,66
5994,01/18/2020,303
5995,02/25/2019,282
5996,06/23/2019,107
5997,07/25/2019,191
5998,01/19/2020,341
5999,01/06/2020,102
6000,01/15/2020,121
6001,04/14/2019,142
6002,10/14/2019,191
6003,04/16/2019,298
6004,12/02/2019,31
6005,07/05/2019,373
6006,01/30/2020,68
6007,08/14/2019,377
6008,07/16/2019,116
6009,10/07/2019,59
6010,06/07/2019,293
6011,04/06/2019,217
6012,07/05/2019,62
6013,09/03/2019,227
6014,01/05/2020,96
6015,07/23/2019,328
6016,04/04/2019,69
6017,08/22/2019,101
6018,12/03/2019,270
6019,07/27/2019,73
6020,08/14/2019,393
6021,12/14/2019,213
6022,07/24/2019,376
6023,06/29/2019,128
6024,09/18/2019,65
6025,08/03/2019,188
6026,10/23/2019,250
6027,10/30/2019,339
6028,03/09/2019,225
6029,08/20/2019,242
6030,08/10/2019,373
6031,08/21/2019,119
6032,12/12/2019,281
6033,05/26/2019,3
6034,07/02/2019,106
6035,02/06/2020,290
6036,09/12/2019,99
6037,04/29/2019,23
6038,10/06/2019,220
6039,04/02/2019,12
6040,10/20/2019,309
6041,02/24/2019,180
6042,02/25/2019,147
6043,12/10/2019,144
6044,05/28/2019,38
6045,05/14/2019,151
6046,02/11/2020,170
6047,07/23/2019,387
6048,05/04/2019,53
